,B.x,B.y,B.z,H.x,H.y,H.z,M.x,M.y,M.z
0,0.0,0.0,100.00000002139846,-0.11636041390183197,-0.11857631952439862,79575285.7588483,0.11636041390183197,0.11857631952439862,99.99986199945732
1,-0.021149528947941806,0.0,100.00000008784792,-16829.91244886765,-0.11857841780129821,79575285.81170145,0.09320599417820374,0.11857841780129821,99.99988625894176
2,0.0036388962703091388,0.0,100.0000003717255,2895.545422750761,-0.11857598304019226,79575286.03762709,0.12032108742911707,0.11857598304019226,99.99985731275865
3,-0.00046382392029646765,0.0,100.00000144190302,-369.20553360060364,-0.11857635598166938,79575286.8892197,0.11585986249602387,0.11857635598166938,99.99986258060505
4,2.8579763151114702e-05,0.0,100.00000505269722,22.626066228597065,-0.11857631202493099,79575289.76252371,0.1163905429616593,0.11857631202493099,99.99986196440298
5,3.4293741282904725e-06,0.0,100.0000159284362,2.6125735036364897,-0.11857630032965236,79575298.41693494,0.11636418747611155,0.11857630032965236,99.99986199508857
6,-8.138159252551244e-07,0.0,100.0000442111759,-0.7639566567552994,-0.11857626696003512,79575320.92303415,0.11635949500629261,0.11857626696003512,99.9998620005901
7,-4.5974548859298925e-08,0.0,100.00010621209218,-0.15294465772941018,-0.11857619211312595,79575370.26050244,0.11636023313162483,0.11857619211312595,99.9998619998189
8,3.062939084809255e-08,0.0,100.00021452606477,-0.09198673143984717,-0.11857605990505535,79575456.45176394,0.11636018735754439,0.11857605990505535,99.99986200002868
9,8.463846769129524e-10,0.0,100.00035017021071,-0.11568647382152143,-0.1185758914802715,79575564.3911163,0.1163599876930334,0.1185758914802715,99.99986200046072
10,-2.745103353412794e-09,0.0,100.00043121169058,-0.11854430513417781,-0.1185757858957843,79575628.88018653,0.11635987855169172,0.1185757858957843,99.99986200071322
11,-6.420005944597723e-09,0.0,100.0003385922987,-0.12146872567879982,-0.11857589211416447,79575555.17794818,0.11635998118374724,0.11857589211416447,99.99986200046669
12,-3.207257764866475e-08,0.0,100.00002284470759,-0.14188221634854656,-0.11857627788820616,79575303.92058457,0.11636033896732098,0.11857627788820616,99.99986199959406
13,-1.5713797979833077e-07,0.0,99.9995939661173,-0.2414038897155349,-0.11857681291292824,79574962.638792,0.11636073614432624,0.11857681291292824,99.99986199849687
14,-7.3843204165997e-07,0.0,99.99927531143064,-0.7039706484969708,-0.11857721914094296,79574709.0680959,0.11636050290586891,0.11857721914094296,99.99986199828712
15,-3.322406482916981e-06,0.0,99.99924441845972,-2.7601754903973563,-0.11857726831768309,79574684.48489513,0.1163577157095059,0.11857726831768309,99.99986200147148
16,-1.4196844615915369e-05,0.0,99.99951193523758,-11.413539335148055,-0.11857693974908037,79574897.362403,0.11634546888613212,0.11857693974908037,99.99986201611091
17,-5.672262826101788e-05,0.0,99.99993767472685,-45.25354862827759,-0.11857640816135132,79575236.14624378,0.1162983867520602,0.11857640816135132,99.99986207150829
18,-0.00017681291241366807,0.0,100.0003365236433,-140.81572369510283,-0.118575913014104,79575553.53180742,0.11616660082343372,0.118575913014104,99.9998622252732
19,0.0,0.021149528947942253,100.0005689837211,-0.11636168596047528,16829.677913197273,79575738.51284082,0.11636168596047528,0.1413296765573583,99.99983242926243
20,0.0,-0.024530638719605053,100.00000002141967,-0.1163581147549427,-19520.442584261298,79575285.75883736,0.1163581147549427,0.09219823708232228,99.99988980131067
21,-0.10939516067085323,0.003806219294534818,100.00000008811635,-87051.61792906035,3028.69102204923,79575285.8118766,-0.0031575043303741224,0.1226637511933926,99.99992471814267
22,0.044117781649172835,-0.00044941235026102597,100.00000037183374,35106.73046722623,-357.7397049127504,79575286.03777549,0.1644607762124509,0.11809362177823779,99.99979503253752
23,-0.00591873778499313,2.0724456151020717e-05,100.00000144192846,-4709.968375371517,16.37296751892487,79575286.88923329,0.10995192452602337,0.11859840611568712,99.99986922487585
24,0.0005168522337896869,4.346135675215938e-06,100.00000505270545,411.1702453600859,3.339873267401614,79575289.7625309,0.11691339255945946,0.11858096100834112,99.99986134897571
25,2.8354554481049715e-06,-7.160164387182632e-07,100.0000159284376,2.1399601518482085,-0.6883483894048612,79575298.41693605,0.11636445851487123,0.11857554632094636,99.99986199566703
26,-7.040460307930234e-06,-8.137728497296941e-08,100.00004421117626,-5.7188262308398325,-0.18333246673460332,79575320.92303441,0.11635278281430919,0.11857617831125478,99.99986200850441
27,1.9442570791218245e-07,2.855783192872374e-08,100.00010621209256,0.03835453836083416,-0.09585121731239366,79575370.26050274,0.11636046869128172,0.11857622222913691,99.99986199950945
28,1.9073979201032204e-07,3.817122985158027e-09,100.00021452606576,0.035421564852685494,-0.11553857376368533,79575456.45176473,0.11636036040241093,0.11857606410335925,99.99986199982214
29,-8.638849033545627e-09,3.878998474638655e-09,100.00035017021368,-0.12323437583335628,-0.11548916771345467,79575564.39111868,0.11635997839127074,0.11857589571256236,99.99986200046672
30,-1.1375087053441792e-08,2.637593761351797e-08,100.00043121169902,-0.12541163860246038,-0.09758706027439211,79575628.88019325,0.1163598692012319,0.11857581437333453,99.99986200069046
31,-1.745067654844879e-08,1.2838825176985065e-07,100.0003385923211,-0.13024641219524882,-0.016410584044794826,79575555.177966,0.1163599690172874,0.11857603063765584,99.99986200031665
32,-8.930661109918143e-08,5.956610325742187e-07,100.0000228447626,-0.1874263564711488,0.35542264431640225,79575303.92062834,0.11636027619615102,0.11857692006742068,99.9998619989054
33,-4.435481505091702e-07,2.6422052987191206e-06,99.99959396624068,-0.4693155741731364,1.9839653992832258,79574962.63889016,0.11636042245536629,0.11857965925968578,99.99986199548718
34,-2.124767880615027e-06,1.1089703505499556e-05,99.99927531167972,-1.8071512233243103,8.706085185271213,79574709.06829412,0.11635898620953289,0.1185891568389312,99.99986198589576
35,-9.857869396894477e-06,4.319997773705607e-05,99.99924441890334,-7.960788171428915,34.25792518537513,79574684.48524818,0.11635057293887521,0.11862373920815109,99.999861954668
36,-4.4241395499494203e-05,0.00014942019261485556,99.99951193591215,-35.32157378786045,118.78295707879059,79574897.36293995,0.11631266163462967,0.1187375704455412,99.99986186367525
37,-0.00019173367890699245,-0.0002071091290450153,99.99993767555367,-152.68896559940686,-164.92624206770282,79575236.1469013,0.11615101244890261,0.11835372389314741,99.999862506597
38,-0.0006614600655837837,0.13054468961879503,100.00033652394814,-526.4750487839829,103881.18145572336,79575553.53231418,0.11565006850159346,0.2588737147836673,99.99959804649947
39,0.0,-0.17830136753827702,100.0005689839624,-0.11634310097765546,-141883.9280353624,79575738.51295957,0.11634310097765546,-0.07296591640667001,99.9999057012445
40,0.0,0.05359417724628448,100.00000002161792,-0.11636514574871884,42647.59722530317,79575285.75910762,0.11636514574871884,0.17605350867208103,99.99977732132723
41,-0.6328134120564087,-0.006321121762825753,100.00000009109439,-503563.13990364026,-5030.168913702877,79575285.81587975,-0.573765348986842,0.11188773285057893,99.99829135769969
42,0.22437918361133025,0.0004732166391175481,100.0000003732519,178550.24041143272,376.4449105025166,79575286.03941959,0.36047132109947133,0.11905546909736178,99.9992794285127
43,-0.08393708140004953,1.8026038790951543e-05,100.00000144234359,-66793.28153241074,14.225686231133269,79575286.88950638,0.025228011373150824,0.11860367071172165,99.99992648355607
44,0.008291526709313414,-7.69990451128654e-06,100.000005052804,6597.889077845164,-6.245796206366664,79575289.76261944,0.12528496560955563,0.11856748976919448,99.99985122702822
45,-0.0003514341480912833,-1.3841050092939774e-07,100.00001592845408,-279.7710705679311,-0.22871683993073585,79575298.41694872,0.11599159629706698,0.11857614990917273,99.99986242813623
46,-5.062951176232129e-05,2.2390427904035318e-07,100.00004421118022,-40.40493449113295,0.05959618448925161,79575320.92303753,0.11630520713532952,0.11857650924924235,99.99986206345616
47,5.8518063274725396e-06,8.309389340343025e-09,100.00010621209643,4.540231044745844,-0.11196397301072127,79575370.26050584,0.11636641319660668,0.11857620163107746,99.99986199261613
48,1.0704050159825955e-06,1.0546283584998554e-08,100.0002145260771,0.7354175960993063,-0.11018382554431899,79575456.45177376,0.11636132436716104,0.11857607138849333,99.99986199869196
49,-1.5309159739255403e-07,1.0025951695094674e-07,100.00035017024955,-0.23818305713545956,-0.03879410223299169,79575564.39114721,0.11635982797223132,0.118575999589455,99.99986200051805
50,-5.193480632804549e-08,4.923742357208665e-07,100.00043121180587,-0.15768714743378587,0.2732323808210817,79575628.88027827,0.11635982496404801,0.11857631654645837,99.99986200014663
51,-5.035861188983146e-08,2.3208951683034507e-06,100.00033859261694,-0.15643299244598402,1.7282828913583326,79575555.1782014,0.11635993278049392,0.11857839147920701,99.99986199755935
52,-2.7651072068679035e-07,1.056691613349391e-05,100.00002284551648,-0.3363945446465457,8.2900766255704,79575303.92122826,0.11636007204292634,0.11858764865744775,99.99986198642091
53,-1.3830101830048502e-06,4.627630572053334e-05,99.99959396799098,-1.2168950867736876,36.705922210674764,79574962.64028303,0.1163593988008304,0.11862657343986627,99.99986194103636
54,-6.672832937034924e-06,0.00019392560737100645,99.9992753153331,-5.426286583324786,154.19826451374402,79574709.07120152,0.11635403378121137,0.11878560363482363,99.99986175850037
55,-3.1316740599836784e-05,0.0007711063833918163,99.99924442561993,-25.03674435441921,613.4914737135578,79574684.49059384,0.11632722037703067,0.11940534921630541,99.99986105160471
56,-0.00014291586964936472,-0.001024813428362842,99.99951194643371,-113.84205954494024,-815.6167149485669,79574897.3713109,0.1162049853782717,0.11747619627558575,99.99986347862998
57,-0.0006336816542659535,0.7761923045277712,99.99993768325687,-504.3703563779191,617657.0686352272,79575236.15749027,0.11573562151247488,0.9517900007380912,99.99540339965841
58,-0.0022256037092229465,-1.0483281660585835,100.0003365259511,-1771.1465712169138,-834210.175654591,79575553.53863446,0.11383452156299231,-1.0063252315515852,99.99487162464874
59,0.0,0.3624555046361514,100.0005689837887,-0.11639026816336281,288424.85904314666,79575738.5140796,0.11639026816336281,0.5069130323039786,99.99864745326886
60,0.0,-0.09818931125600916,100.0000000249152,-0.11635210990813591,-78134.53674909158,79575285.76157735,0.11635210990813591,0.01356002113350184,99.99993139153855
61,-2.206615243483506,0.008138891027045956,100.00000011374968,-1755920.3076958896,6476.426542160059,79575285.85837018,-2.28414087444949,0.1273877069350197,99.97382893956498
62,1.211581753537882,-0.00020942672534178522,100.00000038378444,964119.4218474402,-166.77036576319762,79575286.05740541,1.4321061689117989,0.118241226298333,99.9896749216303
63,-0.3909363138552095,-6.516668193342144e-05,100.00000144651789,-311088.772560823,-51.975178064711116,79575286.89329667,-0.30719377406358656,0.1185395411357606,99.99945790034232
64,0.13490095092276047,4.05516792987076e-06,100.00000505368149,107347.68984512091,3.108346580377304,79575289.76358302,0.2622208633626191,0.11856894229034898,99.99958590726598
65,-0.008695193825397188,1.4622173527431825e-06,100.00001592863241,-6919.341099416231,1.0449866224240068,79575298.4170807,0.1070718694704327,0.11857847640319746,99.99987237371676
66,-9.65884562883023e-05,-7.997824406262656e-08,100.00004421122156,-76.97688193951274,-0.18221920315950696,79575320.92307036,0.11624526615991376,0.11857620693724769,99.99986213351187
67,7.465489916797418e-05,1.0284689247698038e-08,100.00010621213869,59.290483995974824,-0.11039211755433312,79575370.26053955,0.11643999200465574,0.11857619869552216,99.99986190697186
68,2.7348661659268724e-06,3.325297479077918e-07,100.00021452620959,2.0599169905386345,0.14603541219168711,79575456.45187919,0.11636331051643381,0.11857641741178224,99.99986199597063
69,-1.5565899251299235e-06,1.6297030797202743e-06,100.00035017068652,-1.35502077386358,1.1782648663696484,79575564.39149493,0.11635833652527816,0.11857764576183746,99.9998620003017
70,-1.7811739162382872e-07,7.752163605594614e-06,100.0004312131532,-0.2580972856669702,6.050229968622494,79575628.88135043,0.11635968420928547,0.11858412385573322,99.99986199105194
71,-1.139823342981187e-07,3.584036363929644e-05,100.00033859646132,-0.20706174657253784,28.401493205811587,79575555.18126063,0.11635986437743595,0.11861441138023002,99.99986195492085
72,-7.950019482771132e-07,0.00016059331108673466,100.00002285561621,-0.7489853860056923,127.67399802194751,79575303.92926535,0.11635951901028924,0.11874875066158214,99.99986179588706
73,-3.993898823433359e-06,0.0006960453201642139,99.99959399223117,-3.2945170022513883,553.7614246162726,79574962.65957308,0.11635660737177897,0.11932384132875307,99.99986111470713
74,-1.931132312679739e-05,0.0029090951338035555,99.99927536776912,-15.483400366255974,2314.8019768753475,79574709.11293118,0.11634049628423263,0.12169744134344262,99.99985827300767
75,-9.109413450338169e-05,-0.0038113656859555486,99.99924452558794,-72.6047706374468,-3033.0234351211566,79574684.57013793,0.1162617183338299,0.11448849590967233,99.99986687789666
76,-0.00041926795171868224,3.0293379953806,99.99951203851097,-333.75019524715236,2410604.0304579176,79574897.5011376,0.11610537576030328,3.3647855435028458,99.94330761880923
77,-0.0018830683622536363,-4.536833413852326,99.99993769386437,-1498.5726835017365,-3610197.9510030714,79575236.27373071,0.11377045882426831,-4.73852745511708,99.88760390478726
78,-0.006669793070378206,1.9887513754322752,100.00033652768138,-5307.622818823345,1582554.3318813634,79575553.56018107,0.10925489788644885,2.246561883830442,99.97470191538179
79,0.0,-0.6249938665895634,100.00056898589959,-0.1163054470428119,-497340.7309475329,79575738.51598284,0.1163054470428119,-0.549252967879611,99.99842395868194
80,0.0,0.15133444017671832,100.00000004884964,-0.11637222721436916,120424.68454790734,79575285.78101435,0.11637222721436916,0.2799827318387573,99.99954033481697
81,-6.796955265340873,-0.007377047550258623,100.00000024439798,-5408696.125463194,-5870.425118209,79575286.19906545,-7.245621397034989,0.11107374336987552,99.73709757755219
82,3.843105810754705,-0.0002967772764996321,100.00000045380827,3058161.9959338075,-236.27947311500395,79575286.19439568,4.27743525958385,0.11781054676242533,99.90840639443218
83,-1.9647319256209503,7.266371803094599e-05,100.0000014726023,-1563441.0001194456,57.70364249482977,79575286.93375398,-2.008483409958366,0.11879142254391384,99.97975736612739
84,0.5730733763840904,6.278261721661334e-06,100.00000506167416,456024.6151415819,4.877417317982095,79575289.77229832,0.7346989413874612,0.1185336649023005,99.99723079783601
85,-0.18173993488491036,-1.3913996342067684e-06,100.00001593035972,-144620.1748810132,-1.2258007381077385,79575298.41842939,-0.07935033661020943,0.11858911197934466,99.99989820068112
86,0.0056877357006872,-5.818858659213471e-08,100.0000442116175,4525.91527452796,-0.1648796883057921,79575320.92339271,0.12234926126129028,0.11857589606746805,99.9998548519711
87,0.0005784999837906268,1.030150016464075e-06,100.00010621260036,460.22660673129315,0.7011686004776847,79575370.26090756,0.11698688566817131,0.11857724884160764,99.99986126742749
88,-3.782054908596207e-05,4.9182227740296305e-06,100.00021452774645,-30.212168998226748,3.795113395761497,79575456.4531021,0.11632117345010037,0.1185813483078535,99.99986203914705
89,-1.1039231763926847e-05,2.3483258663526787e-05,100.00035017587616,-8.900859372723808,18.56829254780194,79575564.39562464,0.11634811366069084,0.1186011184165496,99.99986198436025
90,8.302571726090675e-08,0.00010948627333022293,100.00043122945965,-0.05029189887640603,87.00543102821915,79575628.89432646,0.11635993365157116,0.11869330849847617,99.99986186122666
91,-9.843925263909606e-08,0.0004969527832862556,100.00033864394811,-0.19469332993818056,395.3329853163076,79575555.219049,0.11635991492939063,0.11910893775719211,99.99986136705888
92,-2.1010390884196208e-06,0.0021949162227208724,100.00002298365726,-1.788268232811591,1746.4921219261482,79575304.03115712,0.11635827361815057,0.12092901075038337,99.99985918453316
93,-1.0544051210954049e-05,0.009425557356842017,99.9995943104441,-8.506819651216466,7500.294951346284,79574962.91280383,0.11635022729924888,0.12867366427427035,99.99984952845028
94,-5.0924066472203436e-05,-0.012256542380110588,99.99927608704832,-40.63932711386555,-9753.296322738719,79574709.68528189,0.11630478325891208,0.105445172938929,99.99987677248873
95,-0.00024050789008059145,9.979059570507122,99.99924525778249,-191.50131529892604,7940864.401260574,79574685.73170964,0.1162340281139157,10.745362741542785,99.42094180404459
96,-0.001110595088698988,-15.406966086148962,99.99951203884387,-883.8725490158696,-12260136.524884365,79574898.76065634,0.11222315547028763,-16.169258856252988,98.68405379798156
97,-0.00501653099675013,7.911263575155353,99.99993772312278,-3992.0350273685576,6295409.9616579795,79575236.55045995,0.11113585357730238,8.545313105099476,99.63415715886771
98,-0.01778085142681325,-3.2001683455266146,100.00033654380192,-14149.277868815721,-2546543.0095763574,79575553.6020827,0.09675777363949428,-3.2957596610531246,99.94562824951282
99,0.0,0.9075915840419275,100.00056898675942,-0.11642435386102032,722218.418275166,79575738.52105252,0.11642435386102032,1.0856852433860384,99.99403848691202
100,0.0,-0.19451562064937816,100.00000019314682,-0.11634564622717822,-154786.46715568716,79575285.89548637,0.11634564622717822,-0.08830388310353043,99.9998933305173
101,-18.367322088565533,0.0030548155551150258,100.00000079221093,-14615847.973075606,2430.760497206523,79575288.27781104,-19.42931765084862,0.12076447317505618,98.09427624262423
102,10.75936738678703,0.0007077311180150608,100.00000079723007,8561796.425593473,563.062180947061,79575287.06011227,11.675807078181442,0.11758622734499585,99.31596902085838
103,-5.651233616275885,-1.4449598349333185e-05,100.00000160962779,-4496984.9758176245,-11.617116870606155,79575287.2011934,-5.97349753818692,0.11879324600050256,99.82135650914515
104,2.679084917036018,-1.249924744244357e-05,100.0000051004581,2131889.155612428,-10.064620061954189,79575289.84551573,3.001466214667415,0.11829569482234867,99.95487585251041
105,-0.7012495283218572,3.906698123005457e-08,100.0000159427052,-558021.3799019529,-0.0875393906066304,79575298.4302525,-0.6372718932650613,0.11862709161807697,99.99789903866593
106,0.20356006833695633,3.0753942861083766e-06,100.00004421466285,161983.37489484137,2.3286929223684942,79575320.92630132,0.33470032391241616,0.1185639438799056,99.9993695894355
107,0.00010412941071906163,1.3599194854204378e-05,100.00010621749946,82.74477437937229,10.70302111926378,79575370.2648056,0.11660587086176993,0.1185906437323738,99.99986169655534
108,-0.0007034094076278259,6.495738960448116e-05,100.00021454467418,-559.8563602417523,51.57144754650429,79575456.46657166,0.11561077862674948,0.118645798989088,99.9998627865171
109,-3.7235200545079944e-05,0.00030402285789602634,100.00035023329093,-29.746373203452347,241.80846008408264,79575564.44131298,0.11631873801596007,0.1189018295671824,99.99986166143458
110,8.555187264496988e-06,0.0013889778633753205,100.00043141018132,6.691454310628824,1105.1644288497714,79575629.03813809,0.11636895601793981,0.12006379771808853,99.99986021465497
111,5.811730983994221e-07,0.006195923926851047,100.00033917288934,0.3461096010645817,4930.30515598836,79575555.63996351,0.11636113381364571,0.12520906455556918,99.99985391377521
112,-5.19914257816215e-06,0.02698619571863011,100.0000244317286,-4.253594753197113,21474.221891752128,79575305.18350106,0.11635699136453109,0.14744835316060628,99.99982360001314
113,-2.5428207696197146e-05,-0.03495706661926111,99.99959803714844,-20.35092462134519,-27817.301775704233,79574965.87829334,0.11633025990014109,0.0811694503123026,99.99989939390369
114,-0.00012237436074783012,28.769658390637897,99.9992796069485,-97.49265292224145,22893537.061190836,79574716.96112438,0.11278330823766469,29.579723562855435,95.52500842120023
115,-0.0005773380338334752,-45.186517104310965,99.99924456062635,-459.5192943980317,-35957301.68014471,79574694.60756044,0.10032694159901698,-43.608842031795525,89.99032631983698
116,-0.0026669332552059794,24.659870228351856,99.99951225501773,-2122.333647783323,19623161.24929426,79574900.95131956,0.11122247995816303,25.60831502536542,96.6654117620235
117,-0.012070221645409612,-11.688383142387288,99.99993781173086,-9605.026946212569,-9301063.717949111,79575237.00889225,0.10151200182680994,-12.254571350006902,99.24623507388606
118,-0.04265458634566571,4.33740145405919,100.00033655486665,-33942.62206257131,3451499.2071020533,79575553.66852129,0.07044148883758777,4.731130887654485,99.88799446640473
119,0.0,-1.1011225581440394,100.00056899317768,-0.11627037494960521,-876221.4715581648,79575738.52579516,0.11627037494960521,-1.0515736354472285,99.99440321382582
120,0.0,0.20648118029544182,100.00000087027617,-0.11637457513099145,164307.85814379595,79575286.43484546,0.11637457513099145,0.33756028058399135,99.99936254804499
121,-44.41605390196515,0.0033127421885620536,100.0000020374883,-35344202.82526111,2636.0151991920425,79575297.2710631,-43.39846122867724,0.11217598366296,90.09195846207112
122,26.39033811236,-0.0006458965463932303,100.00000202586422,21000185.80444491,-514.0858060741708,79575291.22286896,27.546999783860723,0.1111377895532836,96.13090268638774
123,-14.340182989262024,-6.304665607431322e-05,100.00000214786861,-11411240.76637736,-50.28776897871703,79575288.60725534,-15.163391016503411,0.11814921035045634,98.84360178405402
124,6.966652407535234,7.471922254954192e-06,100.00000527565228,5543732.940546507,5.8281177131790844,79575290.22802708,7.586031857871886,0.11769324351932625,99.71177597932817
125,-3.048425823702858,9.004776806919569e-06,100.00001599348452,-2425793.454516968,7.046836144675843,79575298.51837279,-3.1537436396138467,0.11874973460795382,99.95018659090246
126,0.7101640660102245,3.4409386712630257e-05,100.00004423858017,565114.9183403226,27.262844540851727,79575320.94861558,0.8765861295003909,0.11855766707100235,99.99608762765271
127,-0.18780226838195246,0.0001645284004864999,100.00010626612273,-149444.2951932026,130.80534378706662,79575370.30346553,-0.08430336570225999,0.11876555468568042,99.9998939383716
128,-0.0057834891646455,0.0007708887937859189,100.0002147132686,-4602.3438862507455,613.3183292649251,79575456.60072598,0.11007415568445927,0.11940202962234497,99.9998681340904
129,0.00033983533522496554,0.003531480061162423,100.00035079119182,270.30856613529517,2810.0665264736544,79575564.88526939,0.11671275651058216,0.12235458694470339,99.99985703733489
130,7.875599755613127e-05,0.015829795457338872,100.00043311194888,62.55394337742635,12596.485295085951,79575630.39234601,0.11644547257506474,0.1355022107707858,99.99984039788609
131,-6.453337888177965e-08,0.0694579992498165,100.00034398525479,-0.1677184608734172,55271.27803390458,79575559.46952933,0.11636577569609965,0.19279759175806663,99.99974644015157
132,-1.2698847924091625e-05,-0.0897978255365414,100.00003723911017,-10.221496334642099,-71456.98865918732,79575315.37491818,0.1163391142965616,0.02260084152820807,99.99992977203738
133,-5.5924595969423234e-05,74.22294694520612,99.99960520245446,-44.59389088146149,59063133.71113739,79574993.62133425,0.0916779143155863,62.62935463812992,77.95867836726944
134,-0.00026777815520348297,-117.60619478569292,99.99927278433785,-213.15097819013474,-93585504.38881119,79574745.4486136,0.06547825500222759,-78.76801830127837,61.608400445780234
135,-0.0012603511661874022,66.25684371113132,99.99924550653068,-1003.0241120200686,52724080.83915975,79574703.97759993,0.0948098266509532,58.1242366282782,81.37299384609483
136,-0.00581310471190667,-33.41307799973638,99.99951261175661,-4625.90141993443,-26588552.19890763,79574903.68153428,0.1009218667827142,-33.507551808739436,94.21907336925713
137,-0.026298590052580863,14.534710117338282,99.99993788578789,-20927.29229164174,11566036.245827205,79575237.5064642,0.08781267680679725,15.396480068608653,98.80759429533074
138,-0.09244790324827426,-4.914484786050025,100.00033659223543,-73565.79171510643,-3910715.1325499974,79575553.7160393,0.016095194868066487,-5.093165604434036,99.87021280176805
139,0.0,1.1062957816343724,100.00056899541444,-0.11642736955507713,880337.844718913,79575738.5303793,0.11642736955507713,1.290960599143414,99.99159897410891
140,0.0,-0.17896558840575985,100.00000326597296,-0.1163484262100776,-142412.48662939368,79575288.34068564,0.1163484262100776,-0.07068936134622611,99.99990733024651
141,-96.69589574755142,-0.008286708523555873,100.00000171051806,-76946059.34919566,-6594.255962885746,79575318.42673697,-72.68829344907351,0.07568997728763446,68.67609676218163
142,57.803890383366024,0.000125807024913571,100.00000467435454,45997615.53648241,100.01489388536704,79575304.79308341,53.2097803545679,0.09653147974154169,84.66823463549827
143,-31.8436577734392,8.669226596807455e-05,100.00000369016628,-25339681.13807047,68.87171417280264,79575294.06203456,-32.36940500013172,0.11399087949792636,94.61611187327844
144,15.977669847448102,2.2518853792964524e-05,100.00000584428916,12714275.391266303,17.803840702476634,79575291.85182184,17.02237300060566,0.11562406788036295,98.54047619381089
145,-7.144832377054412,7.892737944523554e-05,100.00001619250027,-5685520.408021594,62.68795003115097,79575298.90989545,-7.516616069157999,0.11881661819654768,99.71703147145999
146,2.869917621085325,0.0003820938607897198,100.00004438470812,2283744.834246175,303.93394290238774,79575321.11173227,3.1832009870351787,0.11872071631868844,99.94925280795132
147,-0.5893598783212001,0.0017893762979300889,100.00010668974066,-468984.8843953977,1423.782563450183,79575370.64183939,-0.5121854072238528,0.12052799792109722,99.99861568597046
148,0.1411206111918166,0.008199507331954481,100.00021612385983,112297.00413783964,6524.662258497427,79575457.7235139,0.2665790682209056,0.12732982288188754,99.99956361263085
149,0.008382078806736498,0.03681868229151148,100.00035509935282,6669.946190747244,29298.450559552224,79575568.31356537,0.12535288513178014,0.15789892253738336,99.99979677271588
150,0.00020405919576833707,0.16210352371958298,100.00044487975703,162.26429160067673,128994.2127054979,79575639.75695825,0.11660057335232704,0.29159521985125736,99.99950688145424
151,-5.5987706531048095e-05,-0.20939381592736117,100.00037232722184,-44.66871730579739,-166625.83178095304,79575582.02262808,0.11628386579476532,-0.10496247298253453,99.99987730463297
152,-3.141188551498207e-05,173.1897859427393,100.0000345633187,-25.046877966814346,137816351.8158993,79575366.52193934,0.05074889953171144,88.41322948654759,46.72363723329238
153,-0.00011119469261085743,-275.65389232856023,99.99958009930594,-88.51284243349684,-219352553.20910496,79575020.14673941,0.029236864129042195,-94.92330867964341,31.457345954721205
154,-0.000532389362229154,157.8394573980474,99.99927583968687,-423.70603950196875,125601270.66200323,79574759.165041,0.05515086043677764,86.41507141105532,50.32327882208014
155,-0.002499039576708089,-82.19947722959283,99.99924639467962,-1988.7004185849469,-65410484.891666576,79574711.09943077,0.08003558217833923,-66.19142829711382,74.95791095203754
156,-0.011496017897170484,38.088811250917274,99.99951292811484,-9148.098403659107,30309280.77570794,79574905.53174056,0.09781705285074965,37.70163080102014,92.62061037786134
157,-0.05190996608859342,-15.1041384072532,99.99993804692619,-41307.61413669522,-12019160.688944072,79575237.68428434,0.05838332049193029,-15.711585264372394,98.75800058662682
158,-0.1812808838480117,4.615852235854324,100.00033660543338,-144254.88387395005,3673077.2214473677,79575553.72188869,-0.07872403646499228,5.00049978151266,99.87486572937743
159,0.0,-0.9109987808628105,100.00056900038781,-0.11629478033362137,-724929.949698883,79575738.52956754,0.11629478033362137,-0.8442747222479812,99.99636831264127
160,0.0,0.12487702742687383,100.0000090912471,-0.11636796816254821,99371.12601323798,79575292.9764582,0.11636796816254821,0.25026444336467035,99.99961913029668
161,-190.04870421073508,0.009350478641173322,99.99999422923855,-151231899.24059775,7440.62689782054,79575338.04326767,-90.23216366180468,0.05254958675217239,43.10630904461749
162,113.69888162190836,0.0004243291955540488,100.00000689299382,90476245.71588989,337.5919242418446,79575328.54772276,77.91872251125665,0.06966993486755069,62.67908605199909
163,-63.000994970332584,2.132084206931667e-06,100.00000643913182,-50133228.52463076,1.597055241398935,79575308.1819705,-56.24410931366091,0.09955899060442888,82.68367587087761
164,32.0313329232093,0.00016096596281068768,100.00000722618833,25489024.108607516,127.97941192639844,79575296.9630534,32.62323878897729,0.10987389301930348,94.52889620980977
165,-14.764079890912353,0.0008145233837785524,100.00001686432066,-11748558.034792421,648.0412027457428,79575300.36852577,-15.489611243262322,0.11892185224423227,98.79300481879105
166,6.043049419279269,0.0038071623298222487,100.00004536093928,4808773.333668289,3029.4421533303953,79575322.05279233,6.552283686555522,0.12195643768167952,99.7850324703974
167,-2.213145265054524,0.017423692141221844,100.0001096677447,-1761116.6410347982,13864.832944568729,79575373.03541337,-2.2406561183626614,0.13728725175381423,99.97479988661973
168,0.39599583673770516,0.07822465305784,100.00022486940013,315114.6774655893,62247.367412993415,79575464.68402159,0.5371394424275899,0.20200287551305396,99.99835336673132
169,-0.0851138545932399,0.34473811838538204,100.0003768309749,-67729.70423090878,274326.20137733914,79575585.60756928,0.026118723482435824,0.4861264462539483,99.99881498743156
170,-0.0073347783021775045,-0.44522316389784156,100.00048709545416,-5836.786638219062,-354287.6938867221,79575673.35046223,0.10851096409101049,-0.35619630812925257,99.99930674540025
171,-0.0005177147105816353,367.7077947643634,100.00033195406547,-411.99440173713793,292604799.03574,79575625.78625749,0.020923750367090252,97.05023598460006,24.1091529824269
172,-4.540926337548938e-05,-586.39540354345,99.99999339329524,-36.14392470331645,-466626305.53213614,79575365.09704833,0.009328209814276303,-98.80905927988016,15.387323263309355
173,-0.000193382398481973,338.38001203882027,99.99958814649848,-153.90843336769817,269267103.3336519,79575031.85267246,0.023643819150813886,96.51899062596041,26.154997409970463
174,-0.0009574508645025257,-179.17436535225954,99.99927762997648,-761.9415078411481,-142578603.48362386,79574765.11380526,0.046289126190545815,-88.8956479718623,45.79914441318253
175,-0.004487420527282823,85.7797419358307,99.99924726491791,-3570.9642463060604,68259492.78812136,79574713.19349368,0.08205186931633543,67.74553560768982,73.55634352466137
176,-0.020579249218406776,-36.280730128026306,99.99951346583792,-16376.102053261648,-28870495.081879064,79574905.23399495,0.08510497229816275,-35.86739664346057,93.34625121109235
177,-0.09266926186263807,13.010384934103984,99.99993810726637,-73741.93966384926,10353050.243349936,79575237.44074224,0.01707268525169489,13.754441040341717,99.04955860674585
178,-0.3212575996213565,-3.5580304048311953,100.0003366198391,-255641.74453991835,-2831312.782531315,79575553.67463936,-0.22958324566478938,-3.6369194516587107,99.93357848308807
179,0.0,0.6070376878061015,100.00056899713512,-0.11639404464690997,483051.82324821485,79575738.52629131,0.11639404464690997,0.7584208800788648,99.99705620764593
180,0.0,-0.06883559590903157,100.00001845338701,-0.11635640895808955,-54776.23716598066,79575300.42611465,0.11635640895808955,0.04619378305080482,99.99992163657225
181,-337.11538894492105,-0.006974208143595328,99.99997896736991,-268260774.58251044,-5549.776843632561,79575343.02020921,-96.56498336259574,0.023810938753249133,25.98467666184687
182,201.20177496390983,-0.0005265185429525559,100.00000495651139,160106997.46733624,-419.02249134629255,79575348.39955226,91.07930674443455,0.04332979031057296,41.28629319135398
183,-111.5756168012461,0.0003085772512261934,100.00000879797334,-88786650.34255373,245.47629356369038,79575329.08430204,-77.12069921944395,0.07524441063339216,63.65840156792075
184,57.045974737659286,0.0015986122368091167,100.00000964604654,45394502.06821061,1272.0030125384264,79575308.23311235,52.37938445301056,0.0988414161652075,85.18444878437754
185,-26.62886227497945,0.0074284501110616,100.00001928430207,-21189992.5943565,5911.09474642776,79575304.88012305,-27.279579736843733,0.12308407794168474,96.20711709479193
186,11.208189731181228,0.033920186607310304,100.00005082202108,8918948.237852793,26991.96646754033,79575326.90325914,11.975394302918476,0.15286952533110681,99.28024255710667
187,-4.17081129356739,0.15207873372300929,100.00012427204963,-3318934.859956919,121016.95833075412,79575384.7251987,-4.315456984338287,0.2806603965319712,99.9064465425432
188,1.3804314671181648,0.6698627474651868,100.0002561406486,1098482.083413937,533045.033418082,79575489.58255726,1.5814449082082995,0.8318171720703023,99.98403428645304
189,-0.21201397631979563,-0.8653029171565982,100.00042035863297,-168710.8312998484,-688567.3309860947,79575620.24697009,-0.1081829081161518,-0.80317529870398,99.99671597556576
190,0.04035300185497424,712.7404936977365,100.00039291755981,32111.045163526633,567165898.0105814,79575685.67842568,0.011720917365812655,99.18656382713273,12.728920566415688
191,0.004475459367315608,-1137.1028136860173,100.00029885328327,3561.363789045051,-904853850.5917426,79575615.54217848,0.0002662086022119474,-99.67842954727917,8.013156863377432
192,0.0004048927749871149,657.9718152293407,100.0000046141301,322.1873466807176,523583510.9995962,79575375.59531088,0.00764085548116928,99.04070130336966,13.818083331420809
193,-0.00027862108740896,-351.263825773784,99.9995925909329,-221.73550857147646,-279519447.6010519,79575036.1786736,0.0217035081264894,-96.72942782760214,25.365672100348355
194,-0.0015467475909802498,171.0736957096687,99.99927971121735,-1230.8812778881463,136132465.3314693,79574764.94608842,0.05091591543289867,87.93205152315552,47.623016730344744
195,-0.0072559618708244265,-74.80408475477485,99.9992487319434,-5774.039856716745,-59525576.66542497,79574709.71797031,0.08020873881399523,-62.32872214519621,78.19925806748424
196,-0.03319035721623478,28.648974838584618,99.99951366086518,-26411.433113690604,22797503.115473222,79574903.07027742,0.07832982946633193,29.123368018580823,95.66516241397494
197,-0.14899619409008458,-9.198429396637177,99.99993811196873,-118564.25179022214,-7319676.129535524,79575236.95063153,-0.04439738842670674,-9.545014817685773,99.54341123852473
198,-0.5125845522106178,2.2226300445602196,100.00033659341561,-407890.7003314634,1768663.9724116458,79575553.61837666,-0.4343424110336531,2.459157675876618,99.96881458832624
199,0.0,-0.32176534146408453,100.00056899410268,-0.11634065158277099,-256045.7919842046,79575738.52124338,0.11634065158277099,-0.21966888214147562,99.99969105169748
200,0.0,0.029176597538211183,100.00002890771175,-0.11636192177249663,23217.240871080023,79575308.74528447,0.11636192177249663,0.14916624973164064,99.99982104650579
201,-537.9401103289904,0.003800750998239045,99.99996164911447,-428067819.24904,3024.4479972104064,79575338.57583976,-98.60448590461178,0.014270719157812306,16.647977529823294
202,319.6680821484361,0.0010301925677123555,99.99999836900272,254377013.3032566,819.7527568958099,79575356.99623907,96.15939955354177,0.02695274343956673,27.447570949935965
203,-176.88321807028962,0.0029028500566476187,100.00000891727109,-140755414.34216326,2309.900719800201,79575346.75606835,-88.74957092279251,0.053410279787512754,46.08156690437295
204,90.51651883147017,0.013284808961004806,100.00001364695929,72028799.10734354,10571.347376393247,79575325.10164988,69.912741423192,0.09059937191568435,71.49965299529623
205,-42.4821845011007,0.06050337139689017,100.00002835933212,-33805320.908963606,48145.62269041672,79575317.22639057,-41.27928048591535,0.1684853813588466,91.0823397549783
206,18.097586317872793,0.2707060830250274,100.00007159171632,14401205.092603127,215415.01145198598,79575344.53923343,19.02977808164448,0.39834137856090013,98.1718333856997
207,-6.9067821305900745,1.1906854779873666,100.00016053146516,-5496091.32334018,947491.1797080039,79575413.75428961,-7.199414461044398,1.3823706377014036,99.7309254085122
208,2.3168064062386167,-1.5387806997443843,100.00028596482176,1843605.0639905147,-1224489.1589490646,79575513.34387442,2.5706618736004283,-1.5185910886270917,99.95541795539319
209,-0.6845492890046909,1263.2772533558555,100.00028356279167,-544732.6828251296,1005257647.6070912,79575604.1507386,-0.05449229729408124,99.7377611199029,7.237129084023895
210,0.08832594998297635,-2014.4060076009423,100.00038520753667,70285.71586588971,-1602971251.0550678,79575687.73464063,-0.0004569308233146642,-99.89700583334124,4.537424966282467
211,-0.014489943739073769,1165.3376531847528,100.00030610483373,-11530.427126133982,927321833.0249184,79575621.45683552,-0.0014979867257421259,99.6899174350827,7.868949074839481
212,-0.0020140921965498253,-624.1744027836168,100.00001350711086,-1602.7296064220695,-496689089.78813326,79575381.88536641,0.0079718244222119,-98.92777208296985,14.604651558658965
213,-0.0006610489935937255,306.6596304343204,99.99959710336687,-526.0592573745748,244025488.09622687,79575036.24505639,0.026970780858402862,95.73590119985911,28.890076047455707
214,-0.0022193754367784762,-136.49306479587722,99.99928319750599,-1766.1349903127443,-108614800.26971863,79574758.90643519,0.05842544012352252,-82.55224514023493,56.43689758282751
215,-0.010442024344110009,54.08295300359734,99.99924942676556,-8309.373320780924,43036668.63583687,79574701.773895,0.09216971500388571,49.83726851691147,86.6962408153712
216,-0.04780512741334077,-18.56985236786421,99.99951349545692,-38041.17698453683,-14777012.541351737,79574900.44717476,0.0624410681634347,-19.112037147417507,98.1566408206225
217,-0.21404879010195887,5.270106279644327,99.99993796626325,-170330.0372747805,4193701.744508314,79575236.53827016,-0.11312425732874436,5.656515286335021,99.83982691149765
218,-0.73075332992943,-1.105904092639278,100.00033656839904,-581499.1131231047,-880026.4044741999,79575553.57495663,-0.6679884281058279,-1.0431765580690338,99.99232757631228
219,0.0,0.13222333956972357,100.00056898913903,-0.11636657654168162,105216.97532264247,79575738.51738301,0.11636657654168162,0.2571804996275123,99.99960158425895
220,0.0,-0.00880426093613196,100.0000375468754,-0.11635994351690307,-7006.1339835854305,79575315.61988084,0.11635994351690307,0.10938195416629976,99.99987247967726
221,-766.5874988876012,-0.0003970618339968071,99.9999472455252,-610014859.9842519,-315.9706782069038,79575331.97652768,-99.30307196738246,0.007192170945993628,11.785577886274275
222,453.02021435126386,0.004495915933471712,99.99999017664608,360492485.0330419,3577.62435402926,79575358.14735964,98.0247726893757,0.018092652615457665,19.77735098167065
223,-249.66746524676657,0.0217168852766944,100.00000876417388,-198673754.688467,17281.250265902152,79575358.19641761,-93.85312832293718,0.044964106042887295,34.51938994576177
224,127.52031577990333,0.09879549140279503,100.00002408043315,101474702.21857789,78616.76590581029,79575346.2088817,80.96229165800725,0.12747335451710634,58.694898245312785
225,-59.91325390264539,0.4409793039043465,100.00005396448853,-47676148.98857374,350910.4833921852,79575344.46453702,-53.9148499080617,0.4987306843731224,84.21959526793941
226,25.659396034751385,1.9358839365976057,100.00010669169217,20418536.941352047,1540485.0102134491,79575374.22144566,26.432287321427744,2.0998453616672683,96.42056231123405
227,-9.905085771161698,-2.5032581671448173,100.00016948621203,-7881999.878877384,-1991974.8137275882,79575421.17828146,-10.331569032617054,-2.5288880685393362,99.4327079308469
228,3.397469140929969,2047.7452012617189,100.0001323836613,2703549.0150052146,1629501043.0114472,79575486.60393468,0.15934443111102653,99.89935582084134,4.482556852197893
229,-1.0152028768415862,-3261.9276930248648,100.00029625479443,-807851.5673243856,-2595691444.3786545,79575618.68249598,-0.03798296340369222,-99.96064262033079,2.8050818570993075
230,0.26251935116863573,1883.2992775800294,100.00038666923827,208900.77691482782,1498642564.9242265,79575688.54587573,0.009424175867749567,99.88039958380269,4.889344553700576
231,-0.027244436589018383,-1009.1337575383483,100.00031874310963,-21679.864063321842,-803021980.6257015,79575630.28146969,-0.0014455375900768244,-99.58497301822644,9.101271717154969
232,0.0036641963077978673,497.746286131906,100.00002158963508,2915.784296040386,396083428.89144534,79575384.63045895,0.014050222250943191,98.31291702075899,18.29125882657234
233,0.0003736155063844333,-223.6397730390134,99.99960379672784,297.26795019610483,-177962119.74416405,79575032.03773017,0.03803020004795088,-92.32345385920013,38.42367006432366
234,-0.002402340564112866,90.26329567684073,99.99928575132483,-1911.7533149705632,71827296.39404993,79574745.3048626,0.08154424884141345,69.32395141197976,72.07068135632466
235,-0.012956691809961857,-32.088690343969446,99.99924876830335,-10310.432325157122,-25534667.149585042,79574693.19469294,0.09483801900576791,-31.97108263038717,94.75146901864451
236,-0.0604084308767356,9.749793398220849,99.99951288638927,-48070.29361702009,7758425.387135505,79574898.65294456,0.051726360171844815,10.318515818846821,99.4662030826542
237,-0.27063863762549656,-2.402334284060978,99.99993783314972,-215361.56578643233,-1911664.3706135969,79575236.3011928,-0.17407009052832695,-2.4027326102098208,99.9709786668484
238,-0.9173050389359809,0.4262265749302725,100.00033654318749,-729948.1563887701,339170.8759616958,79575553.55257574,-0.8667724264919232,0.5651726294344892,99.99464628398644
239,0.0,-0.03978937720494732,100.00056898642565,-0.11635776689110813,-31662.627408011344,79575738.51492277,0.11635776689110813,0.07701296147410192,99.99990264932146
240,0.0,0.002965370436735637,100.00004262374523,-0.11636052002480299,2359.5832762628156,79575319.6598338,0.11636052002480299,0.12168743937896359,99.99985826188168
241,-961.67492598137,0.007349032327158043,99.99993791510332,-765256432.3769499,5848.015924380956,79575326.90085706,-99.55376381963313,0.004898235994529456,9.436529306469897
242,564.7084707266233,0.03254256945665,99.99998519860381,449368845.1865577,25895.85711864818,79575357.95359881,98.7101083119533,0.018056735976561378,16.00981545792302
243,-309.60912305630984,0.1474196205258463,100.00001621052446,-246372558.1003037,117309.65718374008,79575370.17651425,-95.8631949307715,0.07450862649548917,28.46475550798708
244,157.56421522928795,0.6562752053277908,100.00004917745765,125382245.8159827,522233.112163939,79575374.25987694,86.24357785707218,0.41400266868666336,50.614957079914035
245,-73.91844294635524,2.874691660760796,100.00008249741674,-58820824.123809285,2287544.4694718653,79575372.95739026,-61.984998317526006,2.5084625136317102,78.43192971866694
246,31.702314110450537,-3.7192864750190813,100.00009701745832,25227206.729330704,-2959632.9208698473,79575368.27626543,32.01310011685645,-3.6384648080293394,94.6674336546044
247,-12.303827243226005,3031.7487373325016,100.00001996072166,-9790817.580170792,2412525652.4978733,79575398.58905391,-0.4096165068090065,99.95304991542879,3.0364497231566485
248,4.265506015166621,-4823.103343939918,100.00014982278445,3394292.7864426537,-3838002990.6782064,79575503.06629263,0.07896085040290785,-99.98196564750569,1.8974484038036339
249,-1.2980367440951324,2776.564810562034,100.00029696558866,-1032917.6933756518,2209462058.4278917,79575618.72720653,-0.0528068244720548,99.94465974512752,3.325988555310187
250,0.33762356124610143,-1485.9168441525433,100.00040022804137,268665.2314400978,-1182423960.7273996,79575698.02480906,0.01977629272291785,-99.80762036726122,6.199881089413278
251,-0.0723906300685458,733.7402538621778,100.00033104793128,-57605.11925925534,583876538.1418195,79575636.63737112,-0.0038586242951266295,99.21100810085244,12.536979569399929
252,0.004643871720636403,-331.2068811306723,100.00003204504412,3695.3536753054227,-263559056.9885553,79575384.19940412,0.025159739897863437,-96.27417261729771,27.042245724831524
253,0.0010492907213808036,135.03452184430205,99.99961038117189,834.912680828457,107454159.46500775,79575018.7191467,0.064458261999181,82.17703196042368,56.98185029733466
254,-0.001353474082699824,-48.929095454795934,99.99928478648853,-1077.1311771422536,-38935470.61688162,79574727.72868314,0.09895492017154833,-45.831188232326895,88.87908861558367
255,-0.012441744467045046,15.398691599101468,99.99924689345742,-9900.668557922649,12253552.143824253,79574687.75809735,0.10240527712858521,16.09533278102402,98.69614873857722
256,-0.06404867166613115,-4.061360522160047,99.99951238099682,-50967.024956366964,-3231839.1632314287,79574897.80266923,0.04741561946609418,-4.138637834911917,99.91431042963904
257,-0.29166852762289874,0.8418654115257497,99.99993773651988,-232096.15990890528,669916.6488192623,79575236.20046847,-0.19603410181670217,0.9998281548987873,99.99480943674774
258,-0.9837315826559584,-0.1179562670892489,100.00033653132787,-782807.2650430935,-93864.15010783634,79575553.54217021,-0.9365181425136901,-0.004434922628287426,99.99561447433607
259,0.0,0.006520070930876302,100.00056898483544,-0.11635988291793861,5188.246294121228,79575738.51370619,0.11635988291793861,0.12529975489123907,99.99985380163912
260,0.0,0.009872296753601026,100.00004375631254,-0.1163611232360374,7855.789126261115,79575320.56108789,0.1163611232360374,0.1290969804898496,99.99984897017933
261,-1030.9211413537514,0.04392760812316405,99.99993574311861,-820359375.3151478,34955.556063641685,79575325.7819807,-99.60965465143641,0.00754746071386727,8.827040458570995
262,601.0127951506137,0.20028841536155556,99.99999115264202,478258151.244337,159380.2350360573,79575363.60309668,98.85363122560274,0.04408380358280092,15.098266461110363
263,-327.4639974187199,0.8893366938314563,100.0000383571673,-260580642.8473329,707692.8163533362,79575389.18673185,-96.26374628656714,0.2883053699637115,27.077814366915582
264,165.83377890935944,3.886109437824984,100.00006807405006,131962781.9708587,3092384.478669554,79575391.16035846,87.28627281575052,2.096823601986587,48.751511860828884
265,-77.55343876150422,-5.029453667289103,100.00005977940339,-61713384.31518612,-4002203.104440149,79575356.36072049,-63.73522028794389,-4.0520043461336455,76.95065273034575
266,33.23360885003636,4086.4816603369773,99.99996067687775,26445771.63765008,3251833444.504975,79575352.1914447,0.8006482506155843,99.97128180064759,2.2587114721439505
267,-12.9248408029122,-6492.057697991971,100.0000306398887,-10284991.718367679,-5166079855.759842,79575408.7142328,-0.20704806385595326,-99.98985508330854,1.409259209049964
268,4.504305062822581,3725.087196432865,100.00015494810907,3584318.016600599,2964252405.8064213,79575506.5570948,0.11212259898141147,99.96905267315725,2.4851430852754053
269,-1.380264345238075,-1989.3352553318089,100.00030906059696,-1098350.6035120029,-1583021103.2332103,79575627.0398229,-0.07346610192974326,-99.89235885475519,4.638021686516124
270,0.3589562696987445,981.8648079802713,100.00041666417896,285640.79861402215,781322608.8561782,79575707.89046527,0.03764270757716602,99.55595172260044,9.413344763357301
271,-0.07233710534473355,-444.03597265472627,100.00034554893081,-57562.53063972617,-353343240.19825774,79575640.2010464,2.728730172744942e-05,-97.87357196271545,20.512530591282086
272,0.006541614463646233,181.99687002556257,100.00004421926558,5205.462945167433,144824622.4223635,79575375.21301161,0.05199801274499491,88.93826625707169,45.71632193640448
273,0.0022510311790012614,-66.64415766750597,99.99961051720594,1791.1735039284965,-53032287.989453785,79574994.02824862,0.09323992729816663,-57.54875909074779,81.7809979972792
274,0.0053680246311999,21.373683932899986,99.99928052573095,4271.506260508992,17008169.408841997,79574715.67365658,0.12004647685141376,22.027971154480785,97.54360089550056
275,-0.002177281873485572,-5.825299488379475,99.999245441515,-1732.6939780453206,-4635498.560534483,79574685.47776131,0.11352853544751218,-5.9779517340822474,99.82109598845616
276,-0.0475934932711766,1.2786212338786962,99.99951208906987,-37872.77137314993,1017466.3234723322,79574897.49529298,0.06551466950245763,1.4555616991883673,99.98938467641369
277,-0.24517979186008007,-0.1976393534596041,99.99993769616704,-195102.6193252328,-157272.1908398742,79575236.16331117,-0.14580807990110475,-0.08705297285269858,99.99985580881449
278,-0.8351604425941346,0.010850729609663436,100.00033652612007,-664581.3678194871,8634.380424062738,79575553.53673486,-0.7759367373326745,0.12951861388910763,99.99690568766746
279,0.0,0.006445492993170481,100.00056898415623,-0.1163602634625305,5128.90041800904,79575738.51316597,0.1163602634625305,0.12549425948100093,99.99985355729291
280,0.0,0.05213098177821682,100.00004256964186,-0.1163641841477894,41483.2558496812,79575319.61685817,0.1163641841477894,0.17399126099384857,99.99978093184927
281,-877.1492573850993,0.24677321173025848,99.9999483386281,-697994805.6358484,196370.70189424002,79575334.24077506,-99.4586469469904,0.033247251797900126,10.39117135331702
282,506.5617424139842,1.0915657773605525,100.00001456162337,403098362.1574037,868617.4516468855,79575379.44930403,98.38831169779317,0.22631196810515172,17.87984631228536
283,-273.70495964941864,4.754434055426577,100.00005265685071,-217801682.70411637,3783357.5609634835,79575395.65583165,-94.73102463348167,1.678476128444093,31.98774280528248
284,137.66250316946275,-6.149017703504117,100.00004077971033,109545385.09932262,-4893100.917501491,79575362.26648289,82.8194331038459,-3.6393862500116114,55.92581128674722
285,-64.06865899190635,4983.753337295558,99.99993921866253,-50982881.24364788,3965840842.5924277,79575335.51935151,-1.2886846714724192,99.97448163844751,1.8553471214737591
286,27.392922491313215,-7906.9606343172845,99.99996058607684,21798023.404014364,-6291994325.208205,79575353.22115225,0.3343681991615345,-99.99275038849389,1.1567487418738684
287,-10.65901802479464,4522.113042115061,100.00004122591233,-8481954.466861319,3598488796.9593177,79575416.49635386,-0.242644472145633,99.97867018894004,2.0510072918707642
288,3.7222074643128247,-2409.1105533802347,100.00016521297557,2961960.800533142,-1917058915.869515,79575513.37704636,0.14729948284661815,-99.9263858607341,3.833498620556142
289,-1.1360899804009343,1187.513750780568,100.00032888209569,-904047.8892595238,944968548.2240877,79575639.64805959,-0.09501712355813982,99.69507001951646,7.802819077094924
290,0.282485354039017,-537.1822992427386,100.00043571905067,224788.7477249107,-427464788.2277632,79575715.38756208,0.06241539422300371,-98.5306846356666,17.079235625327208
291,-0.04139432774202422,220.71182810315696,100.00036398322369,-32939.719771227254,175632196.5196602,79575636.35786825,0.023795335231393072,92.07094590206344,39.02486841081276
292,-0.010987567734754896,-81.26117866552171,100.00004721041623,-8743.47362917309,-64663831.219162814,79575347.45517364,0.07422061324750795,-65.16216380129113,75.8543795705582
293,0.013124159171971263,26.305989483218582,99.9996030099175,10443.47337890793,20933065.856722165,79574973.47895622,0.12690754059268003,26.747715419535023,96.35633665883927
294,-0.006905882932164739,-7.2631816836920144,99.99927724939427,-5495.491166958592,-5779697.372115827,79574710.88953854,0.10818481949421846,-7.469801314734008,99.72056139213859
295,0.04294826371619673,1.6057987304867378,99.99924473232188,34176.08392841454,1277818.738933157,79574684.75075933,0.16259310402127714,1.7950867034562061,99.98375481651766
296,0.013546875951075288,-0.2276845646725649,99.99951198126972,10779.84768365718,-181180.75386225226,79574897.39904939,0.1311103581851272,-0.11675021156970704,99.99984589719128
297,-0.0977257515045213,-0.013909047083522185,99.99993768108179,-77765.65627057497,-11068.28041381573,79575236.1512162,0.012541894167709455,0.10254411072604844,99.99994663701656
298,-0.40856933017479324,0.026713953319772193,100.00033652488102,-325120.3023224488,21257.584178632314,79575553.53326915,-0.318186350875993,0.14722242937635668,99.99938541312301
299,0.0,0.000506128853628022,100.00056898393139,-0.11635967914310538,402.6349055795843,79575738.5129792,0.11635967914310538,0.11908204486923393,99.99986139936212
300,0.0,0.27868908218292765,100.00004605814365,-0.11637992448624299,221767.49764149977,79575322.39355475,0.11637992448624299,0.41452551915242886,99.9990731172405
301,-442.61071896592136,1.2052398226868457,99.99999973751517,-352209089.0613568,959073.9528485424,79575365.09989469,-97.88980891629373,0.2851668839533955,20.432914382918405
302,249.7879059721305,5.2138394997310185,100.0000566388757,198769595.99147892,4148930.8989865715,79575395.99529102,93.72191479652165,1.9948765896767968,34.81699519294342
303,-132.19367594968134,-6.709294093595097,100.00004380322365,-105193545.97627418,-5338942.563577259,79575362.91940586,-81.58679436395576,-4.091944952312035,57.6788607023466
304,65.36631378944476,5436.35145567928,99.99993389393192,52015495.15822776,4325997541.151888,79575331.43374456,1.1848414415432154,99.9784641179207,1.7037791465015064
305,-30.07291146948701,-8614.728973447309,99.9999276577549,-23930634.949507713,-6855203711.227442,79575327.11335745,-0.3560912215916511,-99.99372971813405,1.0617043367732855
306,12.800806623101224,4912.195592581845,99.9999743195414,10186290.99895561,3908898491.2011104,79575363.41565767,0.24942401613943932,99.98181353824472,1.8907007335844206
307,-4.992923924469587,-2610.671414363297,100.00005074418428,-3973138.2770664236,-2077451748.4903014,79575422.58146672,-0.19561899703295987,-99.93712750136675,3.5400960415621743
308,1.745525433583051,1284.7970970422493,100.00018768347721,1389008.46431037,1022382146.2304915,79575527.86996616,0.13268251684639126,99.73881572732209,7.221567188707464
309,-0.5114421902889875,-580.8449127640464,100.00035336682365,-406982.020037556,-462209481.1552446,79575651.09600717,-0.07573061504177218,-98.73768389354107,15.838688209986685
310,0.09015751772884657,238.81567446073257,100.00046103185944,71743.12218757893,190038401.05828828,79575716.12159134,0.0703202764113263,93.10544014517589,36.48797158560296
311,0.03140048252641206,-88.10910389407975,100.00037041999649,24986.94804780587,-70113091.13399847,79575607.33543652,0.10704733610486736,-68.16325518374688,73.16938692939291
312,-0.054340323789066905,28.595350148310274,100.00003600201114,-43241.57796120016,22754831.315986414,79575318.6480897,0.05569277096751632,28.868716230835886,95.74233192010041
313,0.04556557733142103,-7.870526710417543,99.9995970182877,36258.81925553915,-6262993.896514456,79574965.39560406,0.16467136372568109,-8.093202449058943,99.67182629740705
314,-0.03984435242198592,1.6625119892641895,99.99927584184918,-31706.370591453826,1322948.4787459397,79574709.50717613,0.07345538316469752,1.8497127565119504,99.98286436697592
315,0.011985286672214145,-0.13845992975667937,99.9992445008642,9537.208810027403,-110180.00323823557,79574684.55041637,0.12929163345102074,-0.01996330451898241,99.9999144256632
316,0.20373619111509428,-0.11683260945453924,99.99951194706735,162123.52498713724,-92969.99202807153,79574897.37223998,0.3349881102634993,-0.007617451349800387,99.99943862312537
317,0.21403375631171573,0.11459768827866022,99.99993767676713,170317.84056480267,91191.31159092496,79575236.1486204,0.3466376575841057,0.24090786965356512,99.99910902469423
318,0.3003580929982718,-0.05251546927740411,100.00033652494028,239010.67020638872,-41789.44982250473,79575553.53369328,0.4409033472025454,0.06257095570806864,99.9990084406532
319,0.0,0.0785091332882303,100.00056898407351,-0.11636545250372574,62473.74361802729,79575738.51322548,0.11636545250372574,0.2020385335311834,99.99972819719235
320,0.0,1.2020315145448017,100.00006076572231,-0.11643486096784991,956519.8208666429,79575334.10601875,0.11643486096784991,1.393568970103047,99.99022156415461
321,246.04511125521793,5.063355452892535,100.00005818772432,195791252.47517607,4029182.712300568,79575397.71965261,93.90471517757022,1.9208111759879154,34.3251358605545
322,-151.99139949234376,-6.343436503047657,100.00005352501009,-120947656.63478798,-5047810.612710337,79575377.09478591,-85.80542604976539,-3.4538685239780467,51.239629708236734
323,86.73358162048613,5184.380134677586,99.99993148201932,69018580.44835934,4125490390.515158,79575329.43113972,1.6937194338109274,99.96968343005355,1.787095233679759
324,-45.3984084056913,-8207.319236735013,99.99991501403227,-36125958.03774014,-6531005841.691048,79575316.9980849,-0.5716730709448954,-99.99214186629058,1.115685839088934
325,21.603802593013196,4668.175024971564,99.99994210327979,17191308.787619803,3714718183.23887,79575337.6798283,0.46064202986712177,99.97913008508462,1.9903156407994924
326,-9.250058503525787,-2475.7835531152323,99.99998457067332,-7360769.351106378,-1970114212.5911138,79575369.72812277,-0.3844055601490447,-99.92946224686516,3.7356133924368056
327,3.531655656601437,1216.4834599753601,100.0000759892878,2810328.319383849,968021306.0510298,79575438.58131026,0.2924246902700162,99.70812752844603,7.629141011396612
328,-1.2117432254253693,-549.4247645250007,100.00021937163706,-964249.1361927339,-437206777.1409154,79575543.57635024,-0.20963820769599495,-98.59018402289453,16.731158541887638
329,0.40754877608224394,225.8129333107623,100.00038676943055,324308.3014929604,179691420.36761048,79575655.20153943,0.20915999062129761,92.3690366042614,38.313409257059206
330,-0.17722104867103558,-83.28640891525956,100.00046929497657,-141024.2713908396,-66275415.11559203,79575684.1016176,-0.0617045916385429,-66.04912071286982,75.08335265290341
331,0.1214931426006251,26.94739085275707,100.00035484873234,96678.39742107381,21443462.89647448,79575571.91904944,0.23945306585679624,27.321925792144114,96.1948804939106
332,-0.1028318039652846,-7.272620592057325,100.0000268487887,-81828.80948074802,-5787208.425331402,79575307.3856797,0.004810242153369143,-7.464327239022084,99.7210298569479
333,0.08196927835833549,1.3550674478064695,99.99959471110374,65227.16457612399,1078298.626454952,79574963.24327579,0.20486719485572225,1.5221970168384695,99.98820403264696
334,-0.05957005256557497,0.09273546449562707,99.99927543450751,-47403.151277910554,73794.37682847638,79574709.1661675,0.052162331308789694,0.22676325978432496,99.99972928720973
335,0.015723496027944796,-0.3066700793987271,99.99924443786281,12511.899240919918,-244033.68856349183,79574684.5005068,0.13337539525955813,-0.21007236890334793,99.99969040253885
336,-0.00033182991096302616,0.25895270344336,99.99951193822648,-264.1709786243027,206062.21789517015,79574897.36548994,0.11604696919339683,0.39475839844375693,99.99915349095582
337,0.95851249285473,-0.12758656440975705,99.99993767409065,762738.8700048601,-101527.48328250804,79575236.15214007,1.14356650707661,-0.017501116192152062,99.9934595328854
338,1.2763432787103597,0.09352248811854809,100.0003365239941,1015653.6027152408,74420.66271168474,79575553.54320875,1.4847065642372606,0.2179638689796434,99.98874005691798
339,0.0,0.2080598550869694,100.00056898495171,-0.11637417429553307,165564.09289457285,79575738.51429607,0.11637417429553307,0.33936446841933304,99.99935644197546
340,0.0,4.453341331304802,100.0000700791614,-0.11652765218005653,3543758.7095266203,79575341.62438333,0.11652765218005653,4.833252949547083,99.8830620637558
341,1058.61787807205,-4.739782551913056,99.99992674356842,842399160.3764468,-3771699.8109339867,79575318.86207908,99.62979987817766,-0.43806778438689,8.585515293237897
342,-622.6551407689662,4101.157379296108,99.99993472158167,-495480214.9477598,3263511705.6292515,79575331.5659969,-15.159560557197524,98.81909852673215,2.2301323002484175
343,341.49636556326163,-6487.698836730273,99.99992310994173,271747044.90259856,-5162611275.23668,79575323.14280196,5.288192710859543,-99.85007533568819,1.413319960332439
344,-173.5194689300469,3683.1387555296815,99.99993545230012,-138078781.9908015,2930871772.258622,79575331.85991591,-4.747202029149847,99.85552229904746,2.5176853018165746
345,81.05140794545467,-1950.194338015465,99.99995677575097,64496966.350848116,-1551874567.3878407,79575346.60435185,4.170812043716621,-99.80041488637856,4.741467642275616
346,-34.47925928583299,956.9698315983395,100.00001522437141,-27436999.97424459,761512335.4604466,79575388.17985202,-3.6033318536701495,99.46546040067392,9.676682635823937
347,13.213269367158246,-431.7771836357354,100.00012034302942,10514507.044828469,-343588261.72447973,79575460.38837813,3.0231752606301345,-97.69822900647969,21.116734130564396
348,-4.515812606260457,177.29668142121847,100.00026213431266,-3593473.089856496,141084429.7780193,79575547.58316775,-2.2109467833769485,88.37011700077642,46.75290510321399
349,1.3837981943109987,-65.2677023491677,100.00039166060023,1101161.448431021,-51936969.255627275,79575615.01361358,1.3025783916592788,-56.65345602732283,82.39350222981099
350,-0.4174142575079415,20.954397190511482,100.0004481656711,-332158.68809154845,16674520.82168809,79575644.72634535,-0.31746117546362174,21.572505678203488,97.6448985721531
351,0.1765886229787773,-5.440708209981303,100.00034293837278,140520.77362768873,-4329458.992614291,79575558.79095253,0.30428359848825504,-5.552557714722585,99.84526285365914
352,-0.13850779713216663,0.7468927903598869,100.00002371193047,-110218.08127853733,594341.9373094785,79575304.61443484,-0.03257169116086625,0.8816962166111466,99.99610767858175
353,0.14653996237744843,0.41912504046418214,99.9995941190988,116609.46624079907,333519.79485899216,79574962.76240592,0.2740867717704552,0.5728303631939886,99.9979836887542
354,-0.1616035355591715,-0.603531070386188,99.99927533740691,-128596.57936898732,-480261.6515776151,79574709.09002718,-0.057424420254596466,-0.5257530986758546,99.99860142079538
355,0.182771178008804,0.5802271400807201,99.99924442150697,145440.5572007687,461717.2485373162,79574684.49038213,0.3127243540230481,0.7363598485865737,99.99679983705306
356,-0.20380831228625557,-0.48673135590967354,99.99951193666384,-162181.14837020723,-387317.9549078556,79574897.36424863,-0.10230519328323721,-0.3990829880870379,99.99915132847852
357,0.2435238907281922,0.4973604372769425,99.99993767603736,193784.69778349466,395775.8396101337,79575236.14995407,0.3776366173873733,0.6468795115298567,99.99719464806361
358,2.6458279244640277,-0.24870174724273736,100.00033651189676,2105424.8296004776,-197905.22911589974,79575553.56587222,2.9473529211384433,-0.14559881244664263,99.95645007573998
359,0.0,0.7878131446959141,100.00056898424556,-0.11641058727775502,626904.394751544,79575738.51770964,0.11641058727775502,0.954063908051708,99.99538094649401
360,0.0,-0.8307304745759763,100.00007085280944,-0.11629704437312025,-661056.2170997955,79575342.12605365,0.11629704437312025,-0.762517746344042,99.99702516417173
361,1788.0453796038369,2271.7947139875014,99.99992981396498,1422843945.8439643,1807789328.6876707,79575326.69969527,62.212117826635605,78.22703351162755,3.191179013376086
362,-1043.2580666634533,-3592.162472386557,99.99994163107242,-830176602.7146223,-2858477047.9343295,79575336.83820955,-28.114038716425856,-95.93522834964017,2.4561735593416207
363,568.1947719218863,2036.9303608707432,99.9999516107364,452143154.47636396,1620895095.7786255,79575342.85286629,27.044549481939466,96.17371142003992,4.382872917812753
364,-287.06411913349115,-1077.4339377829779,99.99997153082082,-228432354.2850496,-857372115.8550031,79575354.80337311,-25.841388680549418,-96.24759975289535,8.283850123420049
365,133.515569636938,528.2431960957864,100.00002106717662,106245505.23991305,420351465.42413414,79575385.66400759,24.323884939414906,95.52327958113294,16.841961866683405
366,-56.623152546402714,-238.16195358469082,100.00009269492327,-45058070.339850694,-189518202.39561802,79575423.82617332,-21.71805051986477,-90.85932627854791,35.67785181068278
367,21.61668923669999,97.7120267487525,100.0001674101841,17201547.961257007,77754651.11060281,79575450.44749099,15.883427748079235,71.09073287947302,68.51149116484751
368,-7.285523882762309,-35.90190559852222,100.00025324574057,-5797476.645513856,-28569044.72130026,79575493.91183525,-7.0874966474477095,-35.14733846099914,93.35112206278217
369,2.0872916858889385,11.443884685501228,100.00036464638747,1660968.114189709,9106503.363373362,79575576.66191831,2.2964104791356132,12.018947556892753,99.24853348304907
370,-0.4528697613525552,-2.8686943424654237,100.00043505985262,-360372.5029449068,-2282771.717864676,79575631.98409314,-0.3565588253870649,-2.870902004217453,99.95814517829999
371,0.02603734488272818,0.26527082896673854,100.00033942312038,20719.176907907495,211089.90269921382,79575555.83977108,0.14071941565367518,0.38271122689952874,99.9991686473584
372,0.056524691721479746,0.38520450115423044,100.00002300434998,44979.5633995572,306527.43424672546,79575304.049064,0.17807710712378094,0.5334410768333793,99.99841863330329
373,-0.0550357430042836,-0.4881772105055947,99.99959399538763,-43794.961700663574,-388468.4960619994,79574962.66277137,0.05690920391991111,-0.40230081239483906,99.99917457358751
374,0.05418328893024878,0.4674660157272157,99.9992753158428,43116.38652296993,371987.26888979995,79574709.07352076,0.17465080583096634,0.6163364055968985,99.99794811160416
375,-0.01928678339081556,-0.4106199601918324,99.99924441976758,-15347.627944842128,-326752.09901501157,79574684.48635,0.09566443791894577,-0.31823998171939766,99.99944785662242
376,0.09998494839732902,0.37298428630538216,99.99951193495967,79563.18485867941,296803.16958157165,79574897.3636198,0.22351211723930778,0.5150017972243505,99.99842406499326
377,0.13453184662438733,-0.2832212838085532,99.9999376756305,107053.97514803737,-225374.24681215998,79575236.14733104,0.2607487273676936,-0.18228104128795328,99.9994939173352
378,0.6445512565677416,0.2820533472900726,100.00033652584942,512903.3418319912,224444.62120894357,79575553.53755376,0.8068846500872591,0.41789445875367276,99.99587142168747
379,0.0,-0.18617921800823856,100.00056898498293,-0.11634620168632978,-148152.7519012508,79575738.51377626,0.11634620168632978,-0.07899965282543812,99.9999011130322
380,0.0,0.0,100.00008256910897,-0.11636030707852904,-0.1185762128065398,79575351.44650735,0.11636030707852904,0.1185762128065398,99.99986199970891
381,2220.585577475867,0.0,99.99993479931146,1767039439.0856311,0.0030240744164812695,79575329.73467556,99.91495547123311,-0.0030240744164812695,4.123307414738694
382,-1292.035679732443,0.0,99.9999746732539,-1028142276.3173636,-0.0009569077348794974,79575358.51971091,-99.74989594722896,0.0009569077348794974,7.0681155622466285
383,701.9553943186891,0.0,100.00003238364386,558583613.6120541,-0.008532512130314043,79575398.51255137,99.15159036174266,0.008532512130314043,12.99854053089598
384,-353.89917535860013,0.0,100.00008100022094,-281616537.16609544,-0.024652388730520836,79575424.95733903,-96.7621435903922,0.024652388730520836,25.24058161081046
385,164.31634059059277,0.0,100.00010456235579,130755274.79900639,-0.05333965703876184,79575419.75301471,87.062574443053,0.05333965703876184,49.19456561683229
386,-69.57457766111344,0.0,100.00010964840905,-55364179.03370452,-0.09610571683767252,79575392.63584505,-59.51827288676842,0.09610571683767252,80.35898180208272
387,26.491219057468427,0.0,100.00013799478391,21080462.64064814,-0.11248278125798244,79575399.29707602,27.112006436626537,0.11248278125798244,96.25448797123289
388,-8.84976703117222,0.0,100.0002257461876,-7042227.070486153,-0.1185269479003406,79575465.80257282,-9.181809375269335,0.1185269479003406,99.57750914719065
389,2.4354026782645946,0.0,100.00035330883104,1937978.4030321063,-0.11840947487390532,79575566.92433694,2.6725602087212197,0.11840947487390532,99.96421060123001
390,-0.4058723691195039,0.0,100.00043195812773,-322974.20208790974,-0.11858659380589814,79575629.47455287,-0.3012578404708649,0.11858659380589814,99.99947590329322
391,-0.13156513644418813,0.0,100.00033875088758,-104693.43422969837,-0.11859183374803514,79575555.30408287,-0.030597335088740376,0.11859183374803514,99.99992499887097
392,0.2370003308996143,0.0,100.00002287600516,188593.55449923765,-0.1185554058517804,79575303.94611774,0.37302319410241863,0.1185554058517804,99.99923398862794
393,-0.2344950500195503,0.0,99.99959397225163,-186600.20404032062,-0.1185955573713732,79574962.64369898,-0.1365578875727931,0.1185955573713732,99.99983643505092
394,0.21785421175716113,0.0,99.99927531244619,173357.97843348183,-0.11855951745795137,79574709.06945205,0.3509267807276424,0.11855951745795137,99.99931396782367
395,-0.17966748832384175,0.0,99.99924441884197,-142971.02001404992,-0.11859111333542541,79574684.48516116,-0.07687203928970854,0.11859111333542541,99.99990013413804
396,0.18220472941021126,0.0,99.99951193523249,144989.80419365488,-0.1185626835656989,79574897.36281821,0.3120741093308476,0.1185626835656989,99.99944276164862
397,-0.09161451674432536,0.0,99.99993767501803,-72902.62311910371,-0.11858331239822048,79575236.1464095,0.01802442860659903,0.11858331239822048,99.99992806556389
398,0.18617921800823445,0.0,100.0003365242294,148152.5148871094,-0.11856167443434026,79575553.53270565,0.31601379095017124,0.11856167443434026,99.99943039044379
399,0.0,0.0,100.00056898399785,-0.11635969014443229,-0.11857559859648945,79575738.51303148,0.11635969014443229,0.11857559859648945,99.99986200115467
