,E.x,E.y,E.z
0,0.0,377.0389605005801,0.0
1,0.0,15799.779158382084,0.0
2,0.0,4434.331067167818,0.0
3,0.0,3938.315626838051,0.0
4,0.0,46734.608315325066,0.0
5,0.0,51771.670372400324,0.0
6,0.0,34484.84189388652,0.0
7,0.0,35755.51332014633,0.0
8,0.0,52408.81264999421,0.0
9,0.0,79436.77855605111,0.0
10,0.0,135070.23935502398,0.0
11,0.0,200752.2014553654,0.0
12,0.0,214055.05234034726,0.0
13,0.0,190048.76287173718,0.0
14,0.0,147394.33141162698,0.0
15,0.0,91119.3183281868,0.0
16,0.0,24833.770200294814,0.0
17,0.0,-47122.14133510953,0.0
18,0.0,-118829.52524067165,0.0
19,0.0,-183309.75668635228,0.0
20,0.0,-233566.10246140076,0.0
21,0.0,-263914.9726070515,0.0
22,0.0,-271417.68470524286,0.0
23,0.0,-256451.99019214907,0.0
24,0.0,-222593.3824342139,0.0
25,0.0,-175969.14834166106,0.0
26,0.0,-123824.00232447342,0.0
27,0.0,-72979.19694205726,0.0
28,0.0,-28739.605894442917,0.0
29,0.0,5849.946136492657,0.0
30,0.0,32697.72583115101,0.0
31,0.0,56407.645996685475,0.0
32,0.0,81491.75264787293,0.0
33,0.0,103273.29333791905,0.0
34,0.0,97868.59082790125,0.0
35,0.0,76925.04096859657,0.0
36,0.0,61938.88188893119,0.0
37,0.0,50467.024992713224,0.0
38,0.0,29261.408238791868,0.0
39,0.0,11113.068952270714,0.0
40,-558.2813033803025,0.0,0.0
41,1812.3596486343438,377.0389605005801,3.547925504857193e+17
42,-4168.163193917717,-2299.683727049233,-8.103693492808091e+16
43,-19374.57470692994,10709.459774670237,2.3350423779029324e+16
44,4964.447884591888,18513.062596242144,-6049184615636147.0
45,19011.566699386323,23215.117460284546,1463218423450071.5
46,12512.204770782111,37196.316511343306,-324954252720896.75
47,-3902.0906792691744,40400.555568968135,65127111389563.27
48,-36565.23093450169,52329.72708649797,-11485206542621.73
49,-83373.65194773734,85779.5507805529,1704425054091.9502
50,-91256.9924314099,127750.85731379526,-194245456551.13336
51,-15151.743168040442,146679.9579311935,12671712371.082531
52,33078.545233853285,132006.55933773192,511480524.3823058
53,56708.19926822483,153327.5226756365,-191674760.41303265
54,60361.21296704701,165302.54642162213,-3894238.39868611
55,53105.81720167192,143815.46286539515,6693521.383293669
56,42474.33166665314,98689.33285283827,-465552.70521579334
57,32894.43444280946,35760.484441401815,-231611.3626049834
58,26410.132897265565,-37344.860875351194,40069.474153948155
59,23610.709420874715,-112243.9875649552,8859.274563861874
60,24321.08052009248,-180480.08716693608,-63.82291081335824
61,27983.52344010252,-234294.8732608546,15975.532995900754
62,33796.83825141473,-267632.0801832713,96578.31058666066
63,40713.69164172938,-277316.8214525155,562256.0946323789
64,47403.50895912353,-263481.35636215145,3234580.813002131
65,52282.06408606259,-229411.58865361754,18350108.03688814
66,53676.36318988217,-180969.0019468731,102619274.70099877
67,50177.381503062825,-125284.93411665273,565425822.9673685
68,41030.104972604306,-69391.22182537464,3067618933.109816
69,22357.22425238451,-16963.272869822948,16373836135.701344
70,-23383.928134329934,32741.320157790014,85893344516.81664
71,-79265.37218787147,78936.34372663719,442194155822.84216
72,-88049.32900250341,104607.76473255306,2229825604978.284
73,-44113.78484181381,86653.42607652099,10983635514763.057
74,-745.3761156136129,57649.848625586965,52636459346088.5
75,8115.851032929234,54035.44525458255,243869079018066.97
76,-2499.6597340500834,67941.42610867093,1080801793466593.2
77,-5095.566351419827,72679.4910833381,4491599433671762.0
78,-4481.925512140407,54130.24884802325,1.674679809652917e+16
79,-6136.870203751224,28482.767737598944,0.0
80,-2345.109015942215,14178.106734544734,0.0
81,-5122.003038523509,0.0,2.5116905939363917e+18
82,-12985.56920303904,377.0389605005801,-1.135376387233634e+18
83,-17990.210307919664,1051.2858038764039,2.3855879563652157e+17
84,1281.4359698252142,18433.499954810482,-6.483758664651662e+16
85,4907.063980179123,23126.17014828061,1.5531507011863256e+16
86,-22986.965812274055,4524.533489011223,-3455692525851138.0
87,-51495.04178216883,33453.44002417216,695907114007780.8
88,-57760.97634740233,68944.650937638,-124207348120375.56
89,-40809.22895332975,81084.31477438819,18919595419919.254
90,-24996.885776819152,91907.45672128123,-2289373177219.5
91,-35706.23412373805,110163.91935562037,182132704252.84897
92,7648.061134260589,130615.00761258595,-1458865860.4363244
93,44784.75271429481,146647.12019462048,-1627649287.6533635
94,74237.44167203864,118574.44854451963,46649456.122921616
95,84439.03396624472,116159.56174081484,48575116.082482755
96,81159.41811356925,113519.51503068375,-5430741.403430422
97,72214.14062708581,88274.40668790363,-1437147.7082728602
98,63640.424062717095,39211.347890797544,330123.2119085454
99,58800.389823642145,-28127.564565775887,47907.86255763321
100,58763.77220847933,-103454.32034137356,-7726.672226430211
101,62978.44847528369,-175534.53814522852,69817.21680193898
102,69851.61848046754,-234260.8611441723,422687.77485354355
103,77190.03895881257,-271932.4514981525,2457267.6465301276
104,82584.83853696565,-284326.62835593696,14139319.229771173
105,83850.9365061375,-270970.9315923487,80281134.3330977
106,79404.6905968831,-234925.56734810595,449645127.5197998
107,65651.16584022238,-182214.26666396196,2483377443.234458
108,23348.317548778537,-118857.05892614108,13518698147.24913
109,-34708.90632096251,-47455.22445374054,72493572660.33884
110,-51884.93016230546,27064.799900844275,382670136019.0491
111,-29130.867556776186,84218.29798210565,1986600956808.1277
112,-22873.520984175746,92315.18978308774,10130636623611.969
113,-43770.640609473245,80153.12887356617,50665177279059.22
114,-51537.148966978704,80860.82571132031,247961557330713.66
115,-32566.16165066393,79526.56202416333,1183955825564420.8
116,-10922.427736809324,61478.391033758526,5490778364793037.0
117,-6870.753574681665,48640.69238804514,2.456615915330555e+16
118,-8816.10571368599,50108.533720251064,1.0487340433089694e+17
119,-3528.3513031806287,50093.46721609143,0.0
120,-19307.192999096544,30383.21146275482,0.0
121,-25990.24159099138,9722.16575757631,1.858682343853419e+19
122,-17267.436248234844,0.0,-7.720630918323713e+18
123,-15853.886180924348,377.0389605005801,3.359212951557636e+18
124,-22770.490815734414,7836.031631433948,-6.490554538404872e+17
125,-19384.11169738985,10038.272599778948,1.651866758519521e+17
126,-22842.598718153255,21400.2195708831,-3.638534006243382e+16
127,-30746.165720326102,11465.737218691076,7378206444116386.0
128,-29199.09339935253,30663.969169916418,-1331398550607232.0
129,-16007.582676142114,72316.23871260157,207665252742093.47
130,5243.773774804207,88335.41948271725,-26428880447896.137
131,30627.876418662727,90403.05066643603,2410380948413.1406
132,9706.500914394384,96997.48026571076,-90173569436.33766
133,11323.741496241966,109212.81195970716,-11325560674.369404
134,33938.57041291673,121012.38572349929,1020180575.3901812
135,67385.36665611713,143510.25368110146,315153711.28537256
136,92336.44489582178,117426.0444666432,-54239771.78368105
137,104371.10377010034,85764.33694999147,-7676708.388693286
138,107019.0920826927,53521.633043065856,2575685.8779427526
139,105521.63411908313,13687.101775241194,210376.53705038797
140,103533.99661198434,-40344.6898504515,-85410.29624130182
141,102286.10797390915,-106044.59928620199,282623.89663300756
142,101078.06911244565,-173922.99906110865,1705807.1056862308
143,98310.23608366496,-232208.59633610604,9892296.451324178
144,92424.24173456308,-270686.3808446274,56904779.82203103
145,81372.86426950736,-283146.5992845504,323179636.84916246
146,46602.575152553945,-268136.0383423132,1811659377.1026802
147,-6438.064212888154,-227756.9989770745,10021659370.071709
148,-19471.328405023338,-163399.24995616134,54688706846.1419
149,11526.803702370556,-81067.7034676967,294295310269.7362
150,22187.140198668953,-760.4118430353328,1560952048579.3945
151,-4971.0921343653135,35931.44564767091,8155602186674.469
152,-24016.937182516096,51161.186937998675,41942181900087.516
153,-20486.87871301338,81926.31352931325,212102285737655.75
154,-24196.448398738397,108250.96786531362,1053351924932661.9
155,-37161.99922057232,99580.57205623914,5128298012644298.0
156,-33139.411209048936,75382.40885206677,2.4416768719936384e+16
157,-19062.47515308999,66115.5628234869,1.1329246450562802e+17
158,-19999.489583124498,61143.12230685624,5.096000532497167e+17
159,-15783.227314595753,47692.44150401636,0.0
160,-14040.23908886406,34320.59313795512,0.0
161,-14358.510667657883,31915.528800433956,9.413512101339415e+19
162,-8914.961560267955,4840.767248383161,-5.540872469203662e+19
163,-4377.902943929877,0.0,2.220165802699722e+19
164,-19199.960706440026,377.0389605005801,-9.284509654229512e+18
165,-12686.4341978005,7659.831258705745,1.636598549962108e+18
166,1797.0376908039486,4649.636263312805,-3.88583242955605e+17
167,4067.83142254011,17344.23794129629,7.804235909410413e+16
168,4328.763158689854,25805.992762263675,-1.427694768093785e+16
169,7929.505743473524,24650.609705062612,2272638567415315.0
170,11639.26138829119,57311.90349134005,-301834262727463.56
171,15072.40330494726,86164.84025999234,30412938578636.94
172,44071.740586498956,89848.11732463184,-1746328613736.3298
173,47098.28759913317,93219.35487454364,-44744416327.55773
174,32919.36247195644,105809.61687864731,12436939776.551823
175,36154.626448873605,117884.4490404456,1717751972.4246874
176,65433.95743574426,114757.57518911477,-486777058.6871831
177,100617.42244670929,122925.93532188301,-30456068.355977926
178,126561.51494306975,96651.8705728613,19115422.027885787
179,138584.2468226815,45695.958356400704,516442.5558402117
180,138118.1045060358,-16096.299371316416,-691780.0682372057
181,128701.23228825707,-76235.62376234506,1121719.0066111288
182,113721.37033671871,-132498.31990943462,6648566.385317535
183,95827.09331804187,-186130.19337168318,38408727.73173925
184,61296.13472552263,-231685.3146649777,220765351.8718888
185,6991.623607584969,-261022.56122724366,1253298767.0013752
186,-10723.322763945122,-267276.4167090884,7026336890.030068
187,23611.692309067694,-243420.90992481256,38894159543.14185
188,41907.65475106414,-188298.12427180164,212534402794.4948
189,16171.287548231172,-114510.95377574944,1146178931508.9287
190,-2470.659700056409,-68080.35360803496,6098426446763.209
191,9921.552023482893,-37613.58295332773,32000475187331.652
192,16229.484718185293,17605.68669097757,165522490035004.5
193,1544.6635795564648,77881.14772217206,843436558547297.4
194,-10043.99212946208,100234.94438997346,4230588746700496.0
195,-11699.53169663091,95052.4033121095,2.0866914769516212e+16
196,-16608.360141957593,93621.0854670169,1.0107366280479675e+17
197,-20697.627074756703,91108.69444844629,4.798968795179504e+17
198,-15976.842407307384,76488.29417391993,2.2278695911509473e+18
199,-21990.459413253735,64244.567058084736,0.0
200,4640.655990660871,51546.189323595354,0.0
201,6509.152215904777,39114.14321576498,4.2150060636266214e+20
202,3431.047046942466,26907.199594029407,-2.7110683667994526e+20
203,9322.380162591104,10710.444605866878,1.5446579000980573e+20
204,2212.3474345453114,0.0,-5.961422597809802e+19
205,352.22894115928057,377.0389605005801,2.392095283464041e+19
206,16975.32451835491,5358.017946703271,-3.81049729876082e+18
207,25059.531317388697,7774.019440912071,8.409110144976796e+17
208,19628.823919479408,11863.481554237798,-1.5240974422087165e+17
209,16923.363086981648,32580.399123445673,2.484199381290634e+16
210,21430.62738896403,26252.099870687147,-3416669046377056.0
211,26929.145256231946,41095.74413059249,371904485056997.0
212,22789.448680993755,78164.33262811869,-26858271216455.42
213,45639.50817148878,94874.5573254771,433298603013.43146
214,70047.75270127943,96207.09491392942,113300991547.7093
215,72870.80887902327,101409.8150928277,5957575073.169491
216,57944.464619601415,112417.79344219319,-3964978428.9233212
217,70089.51027448618,118951.11849925082,-5320623.426380868
218,95811.34511457961,101118.39432198601,133025714.00017068
219,118290.0017079499,76894.43143657892,-3348875.961392359
220,126576.02167713622,43185.35577626768,-4815247.6766274115
221,119954.0809839521,-6282.146300423303,4471482.794048225
222,91847.04488353818,-88953.26710810752,25092852.667325847
223,35294.45409739072,-158656.99919218762,144140608.99536183
224,3506.7929549724745,-208977.900245084,827465766.318812
225,30443.257247328616,-239833.4149276155,4693102246.801569
226,51557.68060551709,-249317.19317035523,26296142000.902714
227,24511.800537444204,-232274.86875369615,145547721518.88553
228,-84.93921688511347,-190503.36898617703,795684278473.6069
229,13143.609376726032,-162033.7550059031,4295626128940.332
230,26408.569506304353,-144546.28069400636,22896788363495.926
231,17864.04300052745,-89624.4025920207,120469374262386.77
232,14121.550016396726,-9402.5410818465,625458278276825.9
233,16164.581989288728,42211.642006251655,3203110112927967.0
234,9138.525930888682,63830.187362699704,1.6172829961276784e+16
235,3104.336411794489,87265.41389011212,8.045856693825618e+16
236,4886.4600013288,104283.69778944775,3.9408079154039834e+17
237,-1885.3207114793547,97476.62755513396,1.898340546139196e+18
238,64.36007327285756,87790.43241836046,8.981315016511114e+18
239,-9037.483117370475,84552.52512412575,0.0
240,15414.533178477768,69529.83989073956,0.0
241,16836.544081105065,50054.9763661683,1.7203884495053959e+21
242,12744.46831252264,45615.65372988204,-1.1701242612156439e+21
243,15188.63459246699,25265.561312913702,7.295658962829552e+20
244,18261.82306604458,20176.633418697264,-4.0184215208729484e+20
245,9231.829703790712,0.0,1.4914134421920147e+20
246,18011.859392811613,377.0389605005801,-5.7319371448609776e+19
247,30738.03503381942,4487.682970277242,8.157017256198685e+18
248,30152.133170759687,11745.624738943474,-1.6672373076902953e+18
249,24101.463877233426,9572.376419225977,2.6919356409054067e+17
250,23034.81602445929,29445.72809686818,-3.84916678491035e+16
251,29928.75012415185,34894.10979200739,4444257486933082.0
252,41162.20285655084,32410.526490990746,-372909949558270.3
253,40738.513472582556,65596.09930703668,15167687024233.543
254,46767.18167786674,95563.48412744375,678598172880.1835
255,81390.4842471233,102237.21146128378,-17199652609.90006
256,90311.90010773322,102280.4065379005,-28949269598.637882
257,68931.0202451269,105513.72526040806,1657665638.2706802
258,49884.18361090499,107727.78040811395,845198853.3999959
259,52101.94866377541,101336.40189459466,-70687132.57955939
260,57135.66301627978,74934.05227456846,-29690209.184401724
261,35180.08244466136,12843.316593751331,18592490.259453095
262,15220.857957717966,-17647.01407445096,91728510.41194677
263,44396.36930121832,-71309.93661588541,522731928.6776088
264,71730.50059790802,-140921.56203822198,2996223307.636298
265,42969.9487062469,-207676.670679374,16969441587.52786
266,6349.241245158943,-236971.5366104802,94977725741.22598
267,13242.955407373844,-229223.39185497307,525315913775.796
268,28507.6033982058,-219262.18003605216,2870968977962.0493
269,18443.27468562617,-223559.9592778138,15502508432834.53
270,12294.066675573216,-190180.01827389264,82696481845103.98
271,22613.452308395717,-114266.69302419185,435729404476219.3
272,21614.742472197242,-52408.691844336245,2267297733002927.0
273,14756.50197498129,-17056.781732596115,1.1648199636354854e+16
274,14413.360580735676,26995.17268198938,5.9066121888573864e+16
275,15722.865114508533,74606.36117830711,2.9551881852623546e+17
276,11542.264570045803,93077.67286163758,1.4581204923567004e+18
277,14739.119891425456,93659.88621720586,7.090896593966083e+18
278,11547.671117270616,97804.5781042589,3.396021289995863e+19
279,6331.816428064556,95697.42624790723,0.0
280,18377.63535223312,84136.63954356415,0.0
281,18631.876636338486,68314.94573950533,6.550327907812462e+21
282,17965.31668956686,54029.64084519224,-4.599041019244971e+21
283,15469.880181644123,42754.93539699442,3.032699047624439e+21
284,22963.336643653198,28856.510721971717,-1.830697142380277e+21
285,17019.00316509296,25051.289214128883,9.734405132650238e+20
286,15112.670002500261,0.0,-3.468610103503369e+20
287,29112.660202585717,377.0389605005801,1.2743945668470637e+20
288,35923.248448523766,4738.929722464559,-1.5972575614151934e+19
289,31599.593299760614,12328.583546193222,3.015162582834855e+18
290,29238.32418316808,11850.826257157985,-4.26492605760382e+17
291,30918.49197854665,22111.76769152863,5.245613770119542e+16
292,35793.59642548214,40418.74208285064,-4873250547983305.0
293,41591.27285885455,34476.70555309905,281763566669384.06
294,45591.23303924099,51754.4428468337,-1316493906802.3374
295,22750.001096211276,89117.09097750431,-538134686491.65784
296,43358.79975801384,105907.44831770471,-181897172191.7344
297,62322.89261862035,104756.05013277434,23937530028.69369
298,36668.433202941436,103984.2796241161,4624194776.202728
299,-8292.690646930105,102911.26496542028,-780559438.1382672
300,-46343.06982014027,95678.75956718551,-158268409.01193032
301,-14755.467241825736,70481.35841417256,84351229.27714232
302,43958.65112719409,36344.08935089811,324608175.83099353
303,45685.4368638817,-28738.06578860175,1831095011.9772139
304,16449.323204330638,-89806.03384949488,10478112499.556067
305,22079.045403499196,-116007.99788437506,59236442268.96245
306,40173.873337022706,-160736.96670757286,331031447278.67944
307,26993.413986233212,-205786.31442896833,1828645765648.7905
308,10298.82274579999,-265204.5766853568,9985089013483.021
309,17665.779155590404,-279522.96148544265,53890635435546.8
310,22879.711455414978,-223969.24417837104,287464508339546.9
311,17401.54152429043,-160077.1597837791,1515399808922618.5
312,18399.797089280295,-120808.28435994757,7893956680504448.0
313,16527.448777818194,-70914.95815481195,4.0628112471293256e+16
314,14451.404156393965,-3285.217407801636,2.0656041431306368e+17
315,18061.118130126837,43535.08632694219,1.0371950619554932e+18
316,14617.218877547386,66489.519972714,5.142164467371073e+18
317,20205.635579537022,88382.44689007968,2.5162333516873335e+19
318,15486.67088100752,98569.97919341989,1.2147338797370353e+20
319,15294.538953458534,98308.23556386027,0.0
320,18269.218203498658,96188.47881852007,0.0
321,17351.002197659043,86600.17303237847,2.351385145288729e+22
322,19802.273231123803,64777.65910489802,-1.6846385681044311e+22
323,15316.004936344392,57531.512328214216,1.1468277846458877e+22
324,21350.945236584954,37529.12576288793,-7.323036153179732e+21
325,23247.984926523433,33198.53413642703,4.274336333620981e+21
326,15858.015400161976,24874.219177805135,-2.1909559704200075e+21
327,24961.30249367472,0.0,7.482107646733011e+20
328,37080.4578023237,377.0389605005801,-2.6226126363656543e+20
329,37153.121895498094,5173.117577319314,2.842954567748398e+19
330,30114.312367510676,9984.031615020367,-4.950626931333541e+18
331,27111.647265739542,16066.614195861443,5.997239486421166e+17
332,26491.88019966127,16297.823943916348,-6.1866054610786104e+16
333,26126.635265121295,38563.20943697535,4320685477392162.0
334,15341.162811635206,41643.746721282645,-132876749338526.23
335,21519.59125153184,42975.55196386923,-4578710126665.985
336,-9936.601268148897,77069.76828890614,-889377246297.339
337,-23724.692950024863,105883.79482577575,242725202422.22443
338,-25721.413887639792,111742.1801424214,18125813521.33179
339,-8268.178960532388,106833.16965643148,-6840702979.307432
340,26302.994650700268,103500.75638073402,-649503824.0472759
341,12056.317267524195,96210.80837209125,425466999.3894737
342,-27995.15928061539,81911.60978752414,1108793899.114315
343,-16867.91939689674,30676.94258313487,6191667774.353079
344,26762.505557390214,1472.3492918454085,35377218152.98784
345,34281.97774597032,-69673.0948950394,199571102749.2126
346,17753.689867914076,-113900.90758260603,1113114343540.0784
347,20409.64688702832,-184163.12118137395,6138692884878.296
348,25295.77089050926,-242146.49847863562,33473481501343.03
349,17206.418472339126,-249091.25581716263,180470894662742.94
350,17229.204221332224,-237877.43093708146,962018358604166.5
351,20669.36904761286,-236204.10368807567,5070059856415113.0
352,14698.882323202512,-205001.48771341905,2.641640833547725e+16
353,13364.638408156356,-128098.49438026888,1.360614431087244e+17
354,17212.54544362868,-54322.2119096731,6.927188835604589e+17
355,13895.706223161142,-6458.392828748821,3.485681367628502e+18
356,17460.96506764445,38794.30272432589,1.7332459367955524e+19
357,18338.345375421533,75579.50246298856,8.515085958924912e+19
358,15790.03290308671,87274.59555070159,4.132046810510315e+20
359,18897.13723765689,96894.20390008064,0.0
360,17324.413149962606,102455.13045420038,0.0
361,16311.590892729948,98335.73619888492,8.009977579709968e+22
362,19206.263658294585,82874.43090156857,-5.813395011539312e+22
363,17103.055947270837,67938.97428455597,4.038056067589758e+22
364,18648.07313073494,54040.26441355178,-2.662140330716178e+22
365,25985.177602817563,36368.675513742135,1.6440004452246096e+22
366,20584.327648093706,35287.50698389406,-9.265629912060145e+21
367,19898.501707558982,22333.535936195716,4.5713795738090005e+21
368,32057.37457310872,0.0,-1.4934229525341054e+21
369,34748.72548141807,377.0389605005801,4.9832578969038606e+20
370,26538.537441690503,5882.370149189862,-4.561631591046231e+19
371,16876.60929677734,7252.741035382401,7.345072246753505e+18
372,10549.489353583307,18065.09408011282,-7.376432249282819e+17
373,5526.253684678969,14843.711842377908,6.181089527176533e+16
374,8659.16731972398,31554.346925188267,-2870297817895013.5
375,-11559.7598509903,46896.768651061,15331016704969.96
376,7567.168285269845,43614.20152720503,-2348595360461.581
377,-3525.698866922119,65152.80297116549,2017137493606.2852
378,19462.366168151042,103089.21454267428,-4520810428.368405
379,35348.54929864308,119881.98163976299,-50725657452.061806
380,9843.60321998752,116520.3357128527,-908166981.8790087
381,-3000.3357334967322,110274.49167511023,2299020693.6856647
382,14385.044177105683,101296.47971900881,3619509751.9982533
383,11086.890746083023,78729.2387487675,20193095593.98166
384,-8831.569060615959,50917.63564394803,115271590801.67976
385,1213.4039528686599,-17735.102349007855,648692286937.9723
386,23074.078672439937,-62282.40619591262,3609975606160.1045
387,21021.899185429156,-134897.8182560663,19868319111329.45
388,17263.621522780384,-198792.62647418442,108146792936058.22
389,21915.297986265738,-215643.93861126847,582191796279848.4
390,19625.50866026254,-237462.41687577032,3099706276867499.0
391,15153.93949661094,-256397.14307074092,1.6322106582746806e+16
392,14448.04831908689,-231971.08113752978,8.500187774338277e+16
393,12508.45889919798,-184097.30344755438,4.377923800282955e+17
394,15621.17285463788,-138462.80587532258,2.2298728344718707e+18
395,12559.886155192105,-76246.33135500927,1.1231604309684525e+19
396,17506.82912791829,-4089.1137322891927,5.593992706956485e+19
397,14529.140839376421,42779.276758295935,2.7547229488487848e+20
398,15351.261613979063,69690.95320653984,1.3410770177676306e+21
399,19829.013599989696,90959.76380841418,0.0
400,16491.26921338964,100124.10609850785,0.0
401,16542.394344822165,103885.12037859092,2.5996352833995387e+23
402,17719.710442162603,100189.26398022042,-1.902320521479855e+23
403,19805.467951884213,79684.65167606165,1.3384371091737213e+23
404,17087.132129183345,70777.18090631405,-9.002952950514478e+22
405,24809.039314198606,49002.155768615274,5.7406945138716e+22
406,23255.28102518305,39130.38050902863,-3.423982607239431e+22
407,15300.089638931864,34812.67383765158,1.8606843833550935e+22
408,20031.793849722093,18088.61351740022,-8.821667421787842e+21
409,25856.224274366075,0.0,2.7516333072142943e+21
410,20673.383797844413,377.0389605005801,-8.720402621684287e+20
411,11210.401666362453,6225.919354650906,6.5211189995073905e+19
412,6872.766459109361,6065.349996069605,-9.806455925692905e+18
413,6513.798777601098,16011.956018989364,7.760965957180873e+17
414,5853.8270337691765,17360.950254005667,-5.09632474543876e+16
415,25551.046460523372,24130.45426080296,1205735023523342.2
416,19939.67666302699,48327.61898607154,-6440451882416.284
417,35392.92041547684,51294.85971391129,13723257710439.406
418,20187.961207489578,60445.31127928123,-1081655700634.6036
419,-18702.522527468907,97672.95803270464,-312493387993.33154
420,1619.8379532998777,124796.31366736922,18723078508.26424
421,32767.726680299114,126329.16762968825,12257547156.04556
422,19858.984950986065,114216.46714256499,10962392246.510181
423,5964.333611858765,101637.13318422569,63451215409.801704
424,10712.543133187883,79211.8817836958,362320801033.7553
425,5323.930075842772,30812.50066562233,2033456410408.692
426,1421.758686398852,-12665.076060394873,11287729691103.31
427,15049.491295405833,-77090.95592958726,61980409827646.33
428,20166.36598795199,-118697.82452219713,336658163055459.1
429,18979.80292594576,-160430.8153392607,1808939833475417.2
430,19087.919379386123,-236844.83706259946,9615497592362270.0
431,15393.247898747613,-268265.1438411404,5.056417146714252e+16
432,10769.31274822034,-242768.4282947824,2.6305479174393552e+17
433,14843.532387338935,-218344.82571257275,1.3539033683157253e+18
434,11416.692664139851,-188970.49332508125,6.893974747076982e+18
435,13998.966507049421,-132492.6345178122,3.4728845219749732e+19
436,14680.92524686228,-72555.95949923621,1.7307817133159196e+20
437,11516.448646692488,-17862.248542412723,8.53319340802602e+20
438,15013.31345423881,36759.389725704175,4.161751408303053e+21
439,19394.325276982712,72203.52660790189,0.0
440,16527.33874281123,89991.66431732639,0.0
441,17610.770563233775,104029.38190939205,8.059003663983287e+23
442,16793.428101099056,108286.24511278243,-5.926735179985157e+23
443,20781.217614965728,96234.09527383203,4.203875535964231e+23
444,16568.530352275724,82974.43749321227,-2.863978061268053e+23
445,19190.748853102785,68279.3750418165,1.8632072724856608e+23
446,20656.3166886097,48490.791301290694,-1.1475919065761157e+23
447,10867.199126938907,42454.869237256586,6.601429078839858e+22
448,8369.318231003932,31530.91209866687,-3.4537030902616007e+22
449,18212.858441695364,13261.904489600625,1.5708224668775842e+22
450,21545.27170290753,0.0,-4.6685921894224075e+21
451,17640.940580484188,377.0389605005801,1.4017565995562956e+21
452,12886.711820728571,5204.809470013834,-8.152602315221905e+19
453,15394.724321652913,6794.808013366103,1.17573266379811e+19
454,21595.720577667948,12168.244364220383,-6.708907308848538e+17
455,10158.7463084049,21294.74244097755,3.4153770955472276e+16
456,2657.0036297948227,21592.149814914173,-200150431192180.66
457,-29286.164266347078,46917.676965237115,88293655998701.94
458,-21025.54261093268,60730.56708714247,-13880269493613.254
459,24234.203096881,62924.5508208589,-1362729269691.4253
460,5175.177914998353,88047.01186854887,274717134951.0329
461,-23943.990248694317,121587.91262531422,57334571932.859146
462,-2078.2726340282597,129871.78811251599,28163681047.035736
463,18074.289488661096,118851.14239026899,191920227198.76334
464,10086.285112497295,99026.48065623657,1098129803651.8613
465,7480.357451682458,73272.59863600647,6144555096425.215
466,9097.981943061293,42581.63722333264,34014905897661.703
467,6774.565951026847,-4006.9713001270866,186294347328050.75
468,15368.571393860997,-44028.30623990729,1009475600205627.6
469,19503.786447204922,-129250.00282272178,5412256164129186.0
470,16506.895014788308,-205705.95414305865,2.871227465950125e+16
471,13872.46826685707,-217105.7269580045,1.5072430082257363e+17
472,11501.937210788112,-238901.8732253277,7.829679901987025e+17
473,13090.497811965979,-265356.5311083372,4.0250096703215795e+18
474,10361.843236527477,-238905.44030753855,2.04770408520707e+19
475,14026.67647282932,-181292.66124529266,1.0309970443868645e+20
476,10913.579274326015,-130365.6234055346,5.137442888839343e+20
477,9870.441015848166,-73350.25829421025,2.533619616345031e+21
478,14573.181098034713,-16235.69646978662,1.236634219411314e+22
479,18037.256583496157,29996.62055623436,0.0
480,17459.029282273317,66485.50529450484,0.0
481,18399.616219712367,93367.62699808506,2.3903853460887368e+24
482,16529.464566797353,106442.31749260068,-1.7626068849322118e+24
483,18413.042842737483,110718.91248139308,1.256313501653131e+24
484,15210.781333260025,94762.2018092474,-8.627613590053374e+23
485,11218.14999485128,85740.38682840753,5.684367744589781e+23
486,15073.80502978461,64912.08946969456,-3.5720018722648416e+23
487,9628.415878772841,51619.27582571191,2.1221754719012256e+23
488,6384.503871043349,43398.13340769122,-1.1756262344323586e+23
489,16194.05019947669,26466.470194701007,5.911833351708473e+22
490,25437.551879219805,10203.432146088644,-2.574802748856183e+22
491,21362.43029458141,0.0,7.27593280727987e+21
492,11894.349631418223,377.0389605005801,-2.064256868007366e+21
493,4148.671027433739,4103.386740891106,8.611468180178272e+19
494,-2763.0824865105415,8614.532972971941,-1.2704039586180184e+19
495,-9287.996323802896,10467.5564261575,4.317781867535998e+17
496,-11037.449480551119,24453.001043489785,-2.0615966185747164e+16
497,27563.02578963428,25530.98432378744,151384633539819.06
498,28017.064559484512,43352.18077472565,-148542613557377.7
499,-14298.583265507143,66004.53093181291,-1655480948615.1038
500,3149.105021400659,66057.67531649867,2396741182385.316
501,22990.738518962702,78501.776067547,174176041018.82715
502,-2629.653286069685,112471.80551978014,40849713083.7738
503,-12578.350496040506,133863.66887511464,559227003880.856
504,4407.055400174132,128199.93579923989,3208092466640.237
505,7974.1448945776365,107300.94339837969,17889358957506.566
506,6640.420664411403,80301.12644124292,98741060300026.11
507,11394.676107924177,49441.910063567135,539287953480088.25
508,12192.021413004099,-3592.7828959963936,2914596132886345.0
509,15590.797311868715,-83260.46361331693,1.558824715841772e+16
510,16245.256781770386,-128586.16572768941,8.250951833398786e+16
511,10578.52167252881,-163400.25610503013,4.322402659577321e+17
512,13527.832773475888,-235221.5876524501,2.2412328243539308e+18
513,9518.775774092628,-259162.3222226591,1.1503098363874894e+19
514,11637.223379421242,-238887.79513012673,5.844311004021062e+19
515,11575.997598294342,-228373.75836535046,2.9394464987414957e+20
516,7964.784106027092,-198188.39900902746,1.463635266861496e+21
517,9236.268767882128,-133422.61308545724,7.215297413104454e+21
518,13798.576805317709,-73518.80751151968,3.521646997383764e+22
519,16109.291692372643,-19277.225674743444,0.0
520,18258.675403305188,27548.43344899018,0.0
521,17836.410651593797,64089.733818575194,6.791292472782304e+24
522,15616.417983800038,92587.92711119045,-5.012425628956465e+24
523,13591.963465661103,111937.67758073588,3.5817134115975636e+24
524,12641.0595216797,107927.81066518194,-2.471401385768369e+24
525,6501.201841083387,98649.22933746199,1.6412212056461214e+24
526,11530.556566425506,83738.44961694605,-1.0444105661398302e+24
527,13694.92195363728,64852.937781925335,6.330590438693097e+23
528,9761.66203274337,54931.81002986979,-3.622612475198578e+23
529,11919.58878013011,41870.24793368926,1.929592518920714e+23
530,17199.518177290873,22261.58795573075,-9.310719297139292e+22
531,12761.858809359737,7948.515820569542,3.875728294139074e+22
532,4307.077468923878,0.0,-1.0389604086561064e+22
533,-2258.993289155578,377.0389605005801,2.777301511397389e+21
534,-1490.524545763334,4514.033366813879,-7.079900772689836e+19
535,14850.26595825389,10737.829726329132,1.257787284481308e+19
536,23500.96523043447,12498.782671982774,-1.2694971113836779e+17
537,-6862.253891608264,25510.17386089697,1.7740606447401304e+16
538,-15347.644643514588,31487.538340718158,-417045113158816.56
539,18906.04132326261,38555.90702667706,99364005751074.19
540,1004.5108971893203,63861.62916184276,17299201084362.29
541,-9300.675819798505,69817.9600394681,-302408632373.2623
542,14826.255528637625,76532.28087558624,-137489331597.5584
543,12033.13002142176,107479.43391669124,1582095077918.513
544,-3170.308842044985,138199.35012258604,9031793304764.766
545,1450.842144555535,136797.70023044173,50156017369277.42
546,6784.10758914905,113502.87585594469,275984131859442.62
547,8280.72010339998,79360.44198268393,1502885196119093.2
548,13079.456417935862,32243.715778890622,8099590411159910.0
549,13533.542404842845,-11154.99818937252,4.32043470683396e+16
550,12239.309359212768,-52108.2624449749,2.2811331099651456e+17
551,11296.322276185432,-119793.44684007521,1.1922422381258447e+18
552,11161.200376366196,-199067.04597687145,6.168805556180343e+18
553,8833.417694970247,-216627.23302128058,3.1600376253572043e+19
554,11672.659338713984,-248428.75697565346,1.602763868168909e+20
555,8271.331318766945,-263796.670305813,8.049405844795707e+20
556,6443.570443655632,-226027.36659737927,4.003179098915509e+21
557,9226.541102207964,-182453.56948500936,1.971613445219964e+22
558,12774.872915082524,-138949.03271121962,9.617032211135753e+22
559,13989.559457222334,-77425.94643490278,0.0
560,16952.959666559902,-21932.695514248797,0.0
561,15378.955891595711,23406.460387692256,1.8494661787654582e+25
562,13686.175667593096,63650.9347635096,-1.3645433927957864e+25
563,10010.845536917739,93768.73775084899,9.758640815047782e+24
564,11458.596099871349,112926.94402024336,-6.749882192542179e+24
565,8195.63228780537,107954.51731379793,4.503383570488766e+24
566,10434.082801686329,100883.97103195265,-2.8883053407372075e+24
567,15038.32645769009,80843.7428461768,1.772858998773735e+24
568,7198.055762680915,68060.7894462782,-1.0350605890014557e+24
569,1767.0280488476458,56737.09863426381,5.696155131614787e+23
570,5844.32541322152,39445.668584008396,-2.912462046973676e+23
571,12551.816457706735,18870.63623857361,1.3460339153019763e+23
572,12210.90137875143,6366.594025240427,-5.344304228093813e+22
573,10591.170830333514,0.0,1.3557997488551756e+22
574,7327.155218987802,377.0389605005801,-3.404317088363026e+21
575,-8014.02929634039,6443.516488752511,3.2434012848157585e+19
576,-15222.725247619863,12475.480179369322,-1.1877555915924324e+19
577,2138.6653045783983,16082.449064908147,-1.5674628459868326e+17
578,16613.41013102015,24155.21567635515,-2.5302785058898444e+16
579,-15151.049495079324,34510.29999934928,12971529379221.834
580,4561.517882624268,36299.473999211616,8046760541730.351
581,6569.94857821293,59433.13596231287,-14778812508457.94
582,-12435.70502790258,77482.38501556349,-1592644636574.8767
583,-796.8894959199291,81920.61318719099,4453008193544.457
584,8342.23320672901,103396.46929228608,24500890834421.555
585,3948.268211045318,131330.26351295796,135341885887718.22
586,5331.4423083600805,136791.0932825728,742351201831985.1
587,8851.289997718768,115105.23691356451,4030054189873367.0
588,9836.598487483792,82893.2032586719,2.16551746702903e+16
589,12548.953007434226,48680.131390288116,1.1518562713437477e+17
590,8599.795725713882,-4602.04651992289,6.065358404011985e+17
591,11725.087639530246,-70094.13542933103,3.162076696211689e+18
592,7650.326314796383,-133902.6717820667,1.6322348637804032e+19
593,10182.22480439379,-166993.0420082354,8.343034052570161e+19
594,9655.491162332768,-236892.49396679227,4.223119120576611e+20
595,5711.470002412757,-250865.12425237757,2.117128676185055e+21
596,6135.937596882736,-244281.39292456894,1.0512403981999603e+22
597,9393.841412884887,-237184.51011170913,5.170509121762609e+22
598,11554.035465146455,-193060.11277501986,2.5192761201241798e+23
599,11831.555922572143,-132799.7862456386,0.0
600,12966.340732654844,-80083.81514712374,0.0
601,12043.294373173003,-25075.74076295265,4.829961754124572e+25
602,12325.628319155863,22270.939516753253,-3.5587640994774547e+25
603,10601.993702480653,60964.87247966365,2.543921996304558e+25
604,12489.099618351527,97668.07727493689,-1.7608767751441236e+25
605,11340.701681138438,109878.68865113764,1.1775753030708107e+25
606,7102.49687996456,111941.51213815967,-7.587170360486582e+24
607,8883.664306699442,98496.8864342634,4.6934067059702174e+24
608,4147.165532660476,81473.59175128557,-2.7748002895209947e+24
609,458.50509925223463,72088.40991223129,1.5580599027538485e+24
610,7805.046318894674,56560.193227990574,-8.232487224053926e+23
611,15684.202007756407,36154.94315165362,4.033477910159803e+23
612,11768.591015052663,16379.599593430912,-1.7820342410670795e+23
613,-484.26385442838546,6443.982411081899,6.7340271780879315e+22
614,-7876.697067088651,0.0,-1.6126160130886492e+22
615,820.954475156745,377.0389605005801,3.79072964194229e+21
616,7388.116796260469,7183.983186127548,2.3249040509904884e+19
617,2260.730050373098,12352.614397470112,1.1399208708504494e+19
618,-13506.758366867562,17787.6960688312,3.715013884240656e+17
619,14855.5649884574,22396.72059881895,3.623992364182085e+16
620,-5030.1404187531425,35649.89955317115,1328528520699568.0
621,-2550.2103871213603,40477.62477386804,-31459985905695.984
622,10978.413506654811,57890.635185997715,974874846085.3516
623,-2125.417777842277,82063.06962941973,13487794371529.53
624,-2835.817255752447,85257.11513020842,64029215533303.984
625,3744.3018694172474,96034.78125534761,351274849200830.6
626,6121.654661336596,123677.3340728696,1920641351183495.5
627,8532.821900200046,141100.8755991631,1.0393508799720212e+16
628,9942.288798406218,127486.12887246495,5.567688113413165e+16
629,7836.827003936741,90190.60962479775,2.9527457443192634e+17
630,9014.367773662243,39078.92080835661,1.550440092112304e+18
631,8299.733806571438,-10620.071786424693,8.061231054723062e+18
632,7093.022801175534,-64526.54215602146,4.150547335444237e+19
633,10697.026941238199,-118301.42876147767,2.1164480595002134e+20
634,6756.212675807847,-195828.70589554054,1.0689293714302665e+21
635,4434.463480559326,-216708.20539193912,5.3477437867248e+21
636,6545.65188259121,-253079.4602277332,2.6504116712993918e+22
637,9408.15205022745,-257725.06211677182,1.3014214914574394e+23
638,10180.432771120626,-225175.83200522844,6.331765239324429e+23
639,9874.69643362277,-190104.623841363,0.0
640,9338.200100061484,-141391.38510824996,0.0
641,10240.894777335638,-81678.98963362926,1.2099132764062338e+26
642,12364.22540512154,-27763.70090306147,-8.895932303842489e+25
643,12847.012927209626,20904.26468837773,6.3500221706541675e+25
644,12234.220201709744,62963.21034222327,-4.393081435727136e+25
645,11002.138220877625,96558.65754336154,2.9397876262669676e+25
646,4813.388560837698,110588.54006581995,-1.8984383984694658e+25
647,6437.849552245558,113195.07325560172,1.1796964134419186e+25
648,9608.566763142428,95126.55310473942,-7.028768898182325e+24
649,4913.469721903885,85320.08491725246,3.9965866808542405e+24
650,3153.611187481387,74365.88713670573,-2.1548068099901063e+24
651,4184.366628234127,54236.30786017147,1.0912806403250652e+24
652,6194.567852749933,33163.4414101191,-5.11377429413603e+23
653,6199.802508557542,15925.36077881697,2.1553773719880607e+23
654,5578.351144793408,6473.965174232902,-7.733889346859072e+22
655,-1606.7879018208691,0.0,1.7435086104217298e+22
656,-6801.0617908478835,377.0389605005801,-3.8228382954133604e+21
657,-4048.151480466738,6002.627895874809,-8.19792626887185e+19
658,10737.385865083166,10106.208989755465,-1.1660324288145297e+19
659,-11796.396197638178,17194.029977488204,-5.316470437716896e+17
660,5324.927223738208,23035.05762167615,-4.385353523053827e+16
661,960.4559939836107,37016.41172025527,-2864271802592522.0
662,-8534.681544023631,46565.12811988954,-79380233455599.86
663,4099.834153103353,56339.54176887205,35422325770657.195
664,3673.726488274648,78919.17331085753,160231698729677.7
665,2331.7473507208124,89856.47663790241,876203591760531.6
666,5769.807342774442,98113.8727904702,4777063512296038.0
667,6616.298339404441,123023.6837438074,2.576665214665143e+16
668,8756.926893368842,138994.27882451555,1.3759238839265523e+17
669,5591.85181024487,127012.58279429554,7.274725436358286e+17
670,8581.67965742832,90568.6699628786,3.808617528006123e+18
671,4615.500100701195,46922.03464184328,1.9746461382326067e+19
672,8750.711346659977,-5524.553989445325,1.0139708446954927e+20
673,9338.617445071324,-67511.5809595563,5.1572663387211884e+20
674,4232.145176880697,-132901.7772734837,2.598457593445398e+21
675,4621.95383575456,-172832.447678866,1.2970540245627114e+22
676,7696.250789822737,-234324.18047448492,6.4149221393367824e+22
677,9533.66120666574,-248534.62260918212,3.143837855725042e+23
678,9579.757859888063,-249071.51772895563,1.5268933080976836e+24
679,8806.947723691474,-236424.81474414273,0.0
680,9890.15900945901,-191175.35772855405,0.0
681,10903.020736817924,-139061.9922223824,2.907546287759815e+26
682,11886.715744459729,-85084.9873191274,-2.1320045403714566e+26
683,12509.70664170675,-28580.825517434067,1.5185422341932786e+26
684,10868.36269601756,18760.285276461414,-1.0489981359642635e+26
685,12061.25846595336,66038.55869412672,7.015632903464067e+25
686,10454.944014885426,93655.7771775297,-4.533293165286967e+25
687,9861.10566937887,114351.60942402045,2.823323016184429e+25
688,10478.685984954089,109178.84453114576,-1.689760135943478e+25
689,2443.3343875133646,94386.4401224189,9.68280106457315e+24
690,-1500.451897790441,90143.56194450057,-5.286842301230042e+24
691,7133.954453158253,73880.54810033189,2.7324179626772404e+24
692,13410.517740474044,51316.97897627139,-1.323911497294333e+24
693,8278.325117966331,31611.51177902355,5.9217589361394504e+23
694,-2589.0247519064255,15693.14694579882,-2.3758334947507607e+23
695,-3687.712359755531,7335.3021113681,8.074608518752993e+22
696,1788.0890819521112,0.0,-1.7086283259576538e+22
697,-137.39860711580238,377.0389605005801,3.4804170856876317e+21
698,-7778.202485780983,5516.639299462037,1.2655729077755896e+20
699,8030.178883716801,9125.97216286157,1.2458288499723995e+19
700,-4770.071362986013,16569.612447993142,6.772919904083416e+17
701,-1409.644094341792,24583.557989152192,4.777282785259462e+16
702,5227.5619936690555,35838.40156379508,3753556295044498.5
703,-2339.3611376541485,47996.73949076989,301060418884883.1
704,1036.415785778189,56916.592940491115,393887595968004.9
705,4532.011677490466,78555.24686185081,2098734252052078.0
706,5138.558220292488,97872.9115563158,1.1416199697677028e+16
707,7722.118995767509,101840.46870094369,6.137185793266788e+16
708,4763.789131637394,114263.3291080218,3.266664932309607e+17
709,7112.279714160289,132656.55779193278,1.72173965681182e+18
710,5088.5681110986825,132253.5613003692,8.986798037152025e+18
711,4398.714316747146,101499.85265002157,4.645820566057716e+19
712,10287.47479112502,47776.93745207336,2.3789504384762364e+20
713,7144.364968447502,-10953.500407039037,1.206757274835699e+21
714,3456.394718190184,-65417.94755530379,6.064745532700022e+21
715,7086.353341141503,-125177.42123470004,3.0200235321479685e+22
716,9783.820503953353,-189006.75146879032,1.4902543346561335e+23
717,10871.305231120374,-221212.63914789513,7.288030220548157e+23
718,10438.642402357995,-252994.89267956687,3.532702228485642e+24
719,9443.828366013016,-253926.09415309038,0.0
720,12488.609677655664,-230304.46338846043,0.0
721,11801.78141170384,-194065.19355189154,6.702913840893523e+26
722,10429.846111236664,-142709.32179969928,-4.899497381606294e+26
723,11511.38934985024,-85754.30667757211,3.480145220337073e+26
724,12725.676648073606,-30966.054679864596,-2.398746406357817e+26
725,15986.072494286502,21622.69700917456,1.6018291042686035e+26
726,15975.898722265436,63837.245971081386,-1.0344196204672021e+26
727,10580.032819419275,95518.79203553432,6.446163223079816e+25
728,9749.758739633655,115023.00335415854,-3.8666495557921725e+25
729,9998.706532289221,103416.15240951053,2.2257133752096816e+25
730,7108.784487298223,97455.19697569664,-1.2247419543756072e+25
731,6716.238937954862,93860.36650020927,6.410687635535162e+24
732,6177.166473526835,70594.22704449635,-3.1703369149994315e+24
733,7778.527747860962,48676.292062549444,1.4667239795336338e+24
734,8376.988344551546,30297.69673124411,-6.2487288484775e+23
735,3167.765163462456,16125.35814477275,2.3806763410627632e+23
736,-4324.117131827727,8275.3363514558,-7.64293624878132e+22
737,1091.3574922360442,0.0,1.513242955903495e+22
738,3862.956558114113,377.0389605005801,-2.8508076660336084e+21
739,-3008.0907183258123,5835.031275062014,-1.4495510003444613e+20
740,3930.915535576217,10654.760348908663,-1.2973166103640953e+19
741,2006.3626939144979,15664.477945116694,-8.157145750897284e+17
742,-846.0373089294791,23381.732385766398,-5.191152534310814e+16
743,4212.50329339733,32673.05959051697,-3838205399661548.0
744,4003.7426155977932,48107.80399278625,624556211093433.5
745,4862.0385689787945,62322.225113859204,4798325969512058.0
746,5120.926734265306,79420.264497804,2.619977325346121e+16
747,6457.614043902786,97417.42946064947,1.403645698463624e+17
748,5197.920510343075,104506.68245522014,7.447027974044737e+17
749,7707.425192276423,114870.04768410776,3.9126319080744545e+18
750,2657.3530457233533,133365.68972368355,2.0359683880228688e+19
751,7461.593442593004,130468.59413423573,1.0493914653891032e+20
752,11088.339384896823,100846.06247533504,5.35816767689479e+20
753,5897.230908899756,53248.34808818509,2.710537437810447e+21
754,6253.781821502971,-3565.848591045251,1.3586368441807043e+22
755,11821.216781546625,-70909.05297755396,6.748530283931924e+22
756,12539.636012824492,-127950.29204458951,3.322172329173004e+23
757,13758.799179222397,-181267.41260052193,1.6210327294963162e+24
758,12292.733354593389,-229413.76159890566,7.840932494116994e+24
759,11491.73456758618,-249266.98988796666,0.0
760,9651.25081682057,-252976.64029962473,0.0
761,9653.59480677165,-234461.80450352107,1.4822884651116647e+27
762,9717.476843750388,-194242.1264167599,-1.079686129792854e+27
763,11659.803188542308,-143647.7396311665,7.644743316448162e+26
764,13568.637427795986,-85966.29711102381,-5.254742758677247e+26
765,14699.117720708256,-32409.24495047857,3.501213289180835e+26
766,16832.938419877955,22903.17255331442,-2.257548183718152e+26
767,16375.533212951637,61387.2206915263,1.4059699620548796e+26
768,17722.805317099024,100467.99994890056,-8.43862654790901e+25
769,16461.996554838086,110432.34100953912,4.868382325067231e+25
770,7711.797101568526,100005.26296436762,-2.6911346776562287e+25
771,5885.707991578653,102533.9797621655,1.4197243787769157e+25
772,14559.942159514754,93537.2372773958,-7.111519173083859e+24
773,14653.468715928535,64930.761510076205,3.358747880540101e+24
774,7468.700145770836,47703.484352499996,-1.480588697115136e+24
775,3945.7430904220846,29266.550517223033,5.9939993495789345e+23
776,7097.755456886618,17588.656716452497,-2.1628922153132255e+23
777,494.4232081953903,9087.380672596315,6.5397465227709666e+22
778,3677.0883448518202,0.0,-1.2073013444746645e+22
779,5924.015972122507,377.0389605005801,2.0928611025730507e+21
780,3528.5217739967866,5947.458049485753,1.3578566472895583e+20
781,4697.232523497077,10372.31592423633,1.2368323140142789e+19
782,6224.252885463035,13595.260558024924,9.046371866893336e+17
783,4963.662063834682,21416.66323982764,5.768621400140749e+16
784,6913.496471639549,31559.118199753782,6449592243632014.0
785,6234.21341999251,46056.749635714004,1.0806478357852926e+16
786,8822.543110838133,62650.567804974184,5.775348831043525e+16
787,5625.892264291166,78116.57684130697,3.0808268521283546e+17
788,9765.69166951117,98925.86539585766,1.6292935559461128e+18
789,6893.784949129292,113312.6468146479,8.533050329381597e+18
790,5083.702663538587,116577.5453659472,4.426506163966606e+19
791,12178.537816807053,124801.12445818211,2.2746921713814618e+20
792,12111.109664033273,130658.57366931786,1.1580821208427169e+21
793,7769.916624649681,108099.31455744013,5.841994005455852e+21
794,12546.905693624361,56376.389618616835,2.9203709802910256e+22
795,16176.214709956696,-6724.394401039401,1.4468404889102711e+23
796,15215.391076730846,-64104.7268949341,7.104931492718345e+23
797,16398.624921638268,-131081.56432099122,3.458652285966949e+24
798,13351.12780945367,-183612.30123657978,1.6692177007669402e+25
799,13095.761190385423,-226546.06009279183,0.0
800,871.7160915427507,-251471.8057095701,0.0
801,3234.4059074153947,-253600.28723220935,3.1439317170682877e+27
802,5806.050227696491,-233307.52228365527,-2.281420955280904e+27
803,6727.697275827908,-196026.22334565732,1.6097252408016024e+27
804,7849.256082855704,-143013.71382294965,-1.1029741117480755e+27
805,9629.142274904587,-88547.11256694257,7.328939071577183e+26
806,16518.80610807078,-29288.890435611305,-4.7152407851723664e+26
807,19802.059818074253,18888.599160656242,2.932190478885508e+26
808,17932.907066592477,64139.17867026916,-1.7588821928163765e+26
809,17804.337365431707,102159.2072484911,1.0153836924726892e+26
810,18026.92397294916,103496.47322419836,-5.625785424102132e+25
811,14165.574253176446,99885.31321884437,2.9816647200838938e+25
812,11312.668527618152,106537.75127297117,-1.5054612399669154e+25
813,13282.22365116688,88708.68630406942,7.202883383347147e+24
814,15575.884253585782,61426.567579535826,-3.242169537153817e+24
815,10277.514903274627,48776.62237783401,1.3586649940654173e+24
816,4076.6347843323138,28057.009850422473,-5.213468842799773e+23
817,9551.743318192859,20499.16828181122,1.776656258462781e+23
818,5471.2308120836815,9322.52715923127,-5.0426653124413064e+22
819,7910.326534744541,0.0,8.645683047527621e+21
820,8852.16680106456,377.0389605005801,-1.3706702582294674e+21
821,9080.52883468615,3799.2304766751395,-1.0770078369646762e+20
822,9471.359397867674,7870.67061790667,-1.0383031008392761e+19
823,10635.576051721788,12694.257800923073,-8.958610335225568e+17
824,11275.55916791585,20286.693083733244,-5.3874796016950856e+16
825,11429.737105450651,29598.655656858744,1.6543868088329096e+16
826,10584.67693761274,39109.742780033695,1.2194816836478797e+17
827,11591.257098895238,59355.47271051535,6.484268985568831e+17
828,14943.024161015768,80040.74793341554,3.419097452238458e+18
829,9311.07473292558,99058.63623740492,1.7850396803557114e+19
830,12328.946449441533,112937.38957140005,9.231292972790061e+19
831,17660.03767513805,120482.13886674403,4.729520094975945e+20
832,14544.141239037823,127842.92637230427,2.400855175230098e+21
833,12397.06856354485,128517.93827330977,1.2077054644688228e+22
834,17769.443559225456,105532.94649255466,6.020794910368337e+22
835,16249.087663167611,61778.88992453583,2.9750631019326686e+23
836,15495.978624045914,-540.1692973642039,1.4572706100334805e+24
837,13989.338498247562,-69518.44405101442,7.076822379110729e+24
838,10616.294652833858,-127056.05027971244,3.4075559783793954e+25
839,10266.20168990016,-186715.82853909096,0.0
840,-2409.687983490352,-227073.47630636868,0.0
841,-2625.731887439193,-251615.85583516158,6.394400791501718e+27
842,-2132.4697865586354,-254145.63748487728,-4.6219401185011406e+27
843,-1793.2692939139072,-234340.93376626493,3.249028521647348e+27
844,898.2158780458219,-196645.50796425887,-2.2185278942148132e+27
845,2114.5968952823746,-143029.65320734493,1.469549554655892e+27
846,5568.847685016496,-87686.74116249841,-9.429227538664086e+26
847,10554.850442434212,-30246.10708304924,5.851016943117969e+26
848,15819.63937565892,15625.082897811755,-3.5046970527978495e+26
849,20686.247060090398,69512.06108260815,2.022186910414463e+26
850,17846.34766616804,99187.38683268137,-1.1212115425789358e+26
851,12061.529137568903,98225.36448709408,5.956675477052062e+25
852,14327.77210127637,102907.08854856234,-3.021819460076323e+25
853,17411.993847610906,108648.83134532254,1.457528630207965e+25
854,12157.948241067652,83699.52492874817,-6.647346595819068e+24
855,11838.089945606813,62823.71092565026,2.84520765020932e+24
856,9995.712444574468,49344.92602848062,-1.130626586324296e+24
857,5310.127840383343,29663.575844220297,4.100489089163441e+23
858,9486.669770735753,23857.955922878304,-1.3153895327766017e+23
859,8624.467316389926,9745.286716029388,3.491114637476608e+22
860,11329.049645184838,0.0,-5.531117479623313e+21
861,12229.35540042175,377.0389605005801,7.94714645973391e+20
862,13347.208488197104,3605.884947838016,7.376758536758589e+19
863,16132.183430582478,7396.1726791550245,7.425251446527247e+18
864,15005.142982614203,12345.20212200881,8.097716924229e+17
865,17986.187502150573,17663.247844527028,8.942933404854358e+16
866,15649.800573214088,28367.901489104308,2.5539107906066442e+17
867,21915.331398752278,35760.6290549414,1.3075267802866373e+18
868,19946.90495835466,54360.76695236492,6.877950916031363e+18
869,17020.570513113205,74602.73457193575,3.5798135863037583e+19
870,21450.079841106664,94270.06680551713,1.8456635509502788e+20
871,22552.65287742251,115901.81411748222,9.427794073366137e+20
872,16385.674843649173,126058.18533850729,4.771959383911163e+21
873,14388.156040525886,125375.9513690601,2.3936870735450422e+22
874,15386.664816608552,125677.77024376641,1.1900769978159957e+23
875,9709.690193609536,110905.25051688848,5.8650631516392034e+23
876,9110.654527841041,62029.2083379049,2.865585482094182e+24
877,4171.922354071293,1393.854845443746,1.3881947888904994e+25
878,2803.4199345931056,-64736.17378140768,6.6686402830879604e+25
879,1707.3102361708525,-133250.66418841737,0.0
880,5766.966686552323,-183923.76011849102,0.0
881,3006.7819445305713,-229497.14811648222,1.246825909742589e+28
882,967.8670577906822,-252609.46849764007,-8.975864740570357e+27
883,-780.071564318588,-255414.63027164986,6.285279068390052e+27
884,-1765.9016291086814,-237209.99827674188,-4.27609480274084e+27
885,-5616.434561405944,-195600.85229766887,2.822894834599431e+27
886,-6522.076719916287,-146001.29603875638,-1.8057692004875933e+27
887,-1068.8228252460394,-85501.01448785333,1.1175856492118233e+27
888,3617.4098785612928,-36286.32739208322,-6.680416044370317e+26
889,8564.25860643515,17506.436309505356,3.8493584390920076e+26
890,14474.886673662364,72435.83385684551,-2.133413071191324e+26
891,14828.620287004158,94920.40365224602,1.1343628605058487e+26
892,8188.747590317312,97279.89806620378,-5.769133546230614e+25
893,9104.94393691983,108903.62854686391,2.796240598639911e+25
894,14014.133201133867,110582.4999017202,-1.2858532348168152e+25
895,7540.442852536311,82686.39079557116,5.577665295024848e+24
896,6354.710922062901,68385.39533418303,-2.2645079366282547e+24
897,5552.151149189549,50282.80956267937,8.509018261858526e+23
898,4611.157045188545,34475.28181080942,-2.907159240427048e+23
899,8788.402174988927,25405.30660770843,8.743508483418517e+22
900,9034.986748587095,10748.630169384205,-2.1583295296567113e+22
901,12097.100555697516,0.0,3.131402899270332e+21
902,15429.126909798744,377.0389605005801,-3.980124773336258e+20
903,16547.96789841479,6840.697992965423,-4.525990002932678e+19
904,21094.78017267241,9418.46810465648,-4.091596215721803e+18
905,20305.857075431028,13962.53347530626,-6.260538163460724e+17
906,24055.73760535998,18637.126962878523,4.713055256203162e+17
907,29106.1164575143,32111.501614815028,2.510212576559546e+18
908,25118.088135007838,36511.07514678544,1.32535165863483e+19
909,25484.247886614998,48832.128210087794,6.878190935835763e+19
910,27318.54519261314,69872.6679107223,3.5358405114405356e+20
911,23113.296460736925,89327.20137881006,1.8008507166545368e+21
912,13389.540583694114,109907.06072535847,9.089062165289963e+21
913,9563.251425343928,125778.85134123727,4.546511975769908e+22
914,5897.510473583498,132206.8777137008,2.254295858906139e+23
915,979.635418916323,124744.70440822469,1.1080792312899606e+24
916,829.7889723472529,106103.52886236114,5.400226147861878e+24
917,-3207.6081349348788,68371.4835584102,2.609686537476331e+25
918,-1312.106483735745,2688.3698982643273,1.2507029176204374e+26
919,-2521.1179753332576,-66226.5471230603,0.0
920,11578.103356344509,-130001.18578280402,0.0
921,12849.801459106862,-188583.34370212347,2.3300289356300063e+28
922,12617.569769344673,-229425.97241525206,-1.6705414479701965e+28
923,8908.737336153992,-255602.18712923673,1.165172194491651e+28
924,5862.844051133356,-258576.59673206045,-7.897182135392511e+27
925,2279.92013729161,-238371.48395664853,5.19484862779654e+27
926,-4399.516394643271,-200039.94199512198,-3.3121677683093483e+27
927,-9930.920167387641,-145410.84461824136,2.0438661698700685e+27
928,-9948.277509789248,-89168.36025614719,-1.2186714208224044e+27
929,-1326.3438131044493,-41324.01034079783,7.008510344797206e+26
930,4797.5873505806485,21357.173702950953,-3.879537686090296e+26
931,5110.249918208782,72012.22975040675,2.0622175969246168e+26
932,7623.455254609604,93116.55601637991,-1.0498208106884894e+26
933,6090.673699987872,101369.14505270803,5.101994322986794e+25
934,4504.811861824615,118445.94267856998,-2.3580116292178084e+25
935,6633.268306001158,114623.9378660804,1.031514299443164e+25
936,249.94854546294846,86711.08124988194,-4.245080673395206e+24
937,417.1674634410753,73260.67211093174,1.630102206008297e+24
938,1302.3333523791825,50447.9855541269,-5.771906744683028e+23
939,1647.3315922278389,38489.31047517724,1.8494259393318458e+23
940,5522.122439437399,23660.692451650382,-5.180528584377893e+22
941,8018.533268553387,11741.106178157192,1.174845766924944e+22
942,12586.113393213025,0.0,-1.5100208556214374e+21
943,16108.35379042459,377.0389605005801,1.4716786586293289e+20
944,20190.441742123003,5150.575614360252,2.9013663551530025e+19
945,19778.04119004432,9859.760809858979,7.520012396623288e+17
946,27606.953541684452,17936.903302628256,1.6712666887329475e+18
947,27273.9068937081,21967.22463208625,4.5736593626513034e+18
948,25683.465298466752,35893.04726166983,2.4453570144340074e+19
949,26994.600091618806,43365.77990690159,1.2651741332743833e+20
950,25602.73473852392,54531.47324989757,6.486590269086089e+20
951,17630.486029734857,69719.41647713693,3.294402365544442e+21
952,7048.257396021102,80637.18866895893,1.658069543393484e+22
953,5378.465457613339,103899.0184556249,8.271309304301308e+22
954,4053.930072003744,125269.88553598484,4.090269397235449e+23
955,5248.184207196429,129474.0883293922,2.005355824210018e+24
956,5977.470696545934,126380.84162371594,9.748719313072724e+24
957,5424.359395798442,107475.53683171458,4.6997513910314215e+25
958,7674.981979161925,66567.6069672904,2.2471292485454205e+26
959,6418.057773493285,7028.831264758722,0.0
960,2662.93339017086,-64248.0801608482,0.0
961,3419.8023207347223,-131384.8888441672,4.17168668575744e+28
962,5852.398620556995,-188917.36131246033,-2.9787570613966906e+28
963,8542.904902944667,-233492.73519539082,2.0693957862933765e+28
964,11389.894316851287,-258075.46513122416,-1.3972111500022772e+28
965,12632.098927525185,-263199.86342651135,9.157473688400782e+27
966,9234.24318792969,-241818.32853901703,-5.818672848719916e+27
967,3154.058573129236,-204174.9212956416,3.5792610830953237e+27
968,-6645.953106848462,-145090.49201436216,-2.1281813120076258e+27
969,-10250.202831341838,-96906.8884053682,1.221014972913162e+27
970,-1326.0684168885232,-41041.92272918763,-6.746736888148643e+26
971,4697.533278388379,22915.58027136885,3.582473098186238e+26
972,1805.9670902179794,70819.89857583311,-1.823521918347212e+26
973,3628.6362919807234,94660.80019337886,8.87218557915212e+25
974,5708.934904629748,109543.24203434607,-4.1121805766054025e+25
975,1317.2212532928309,129095.12852110362,1.8082740697930886e+25
976,1808.1113055626192,116571.00893396119,-7.505967581738094e+24
977,-1653.004861725847,87860.34313799601,2.9218170729450083e+24
978,-2146.2847703416987,72040.9735879128,-1.057073356960665e+24
979,-4.667846837160719,49680.287265272505,3.507323417428439e+23
980,1108.8784696735477,38802.66622935295,-1.0438201860604292e+23
981,6894.494773955563,21786.75769004759,2.6674190578272856e+22
982,8851.761969402647,12554.50397247241,-5.242604849004642e+21
983,14840.561101823772,0.0,4.6077037747702406e+20
984,12961.24752971692,377.0389605005801,3.4827899961263743e+19
985,15401.51179081632,4673.152534596583,-2.9092362474214015e+19
986,17816.780627466807,7134.104432739831,5.410203358424736e+18
987,15682.336627598279,14857.400084827015,6.776645992802328e+18
988,18281.13417911669,18867.881054115922,4.319528698423044e+19
989,19779.002496484514,34584.802863686076,2.2248778527474103e+20
990,17945.46646654996,46771.786759668095,1.1386651617980442e+21
991,10956.837935825657,60816.17003942334,5.768076587561998e+21
992,8468.605683605037,79710.22493879353,2.895291734522169e+22
993,17775.102321199727,84305.32930961114,1.4404939544428773e+23
994,23532.25950669641,94974.41794316916,7.105000782085606e+23
995,25755.03525000441,119296.80462194722,3.4746427926718283e+24
996,21349.36163073047,132367.90048454027,1.6850216945319807e+25
997,18816.842711927613,124345.20908819481,8.104109222727795e+25
998,15265.543761326471,106007.10614905941,3.866024116638625e+26
999,12579.055168637295,68799.76359078602,0.0
1000,-362.3188537673058,8514.936283843854,0.0
1001,-2176.1088781295725,-60854.511441217976,7.152740314768601e+28
1002,-2365.889162300739,-130624.46175305909,-5.086808497972526e+28
1003,-796.0271584543926,-191001.98499229862,3.5200015544123103e+28
1004,347.8936338274492,-234671.27735825683,-2.3675555536597224e+28
1005,4719.15983925202,-263884.0727396956,1.5460203848269807e+28
1006,12381.167460578064,-265307.9372297459,-9.789108119024871e+27
1007,16907.558570420304,-247813.5570672973,6.001917285633391e+27
1008,9972.543496156726,-202494.56379865136,-3.557993051319032e+27
1009,31.81332212903726,-147535.0699531074,2.0359684518206217e+27
1010,-2212.402707851816,-99225.92588729842,-1.1225135357870724e+27
1011,2221.7445121192013,-38916.272915241105,5.950803188989203e+26
1012,7019.016505908994,20455.833964473597,-3.0263269652031776e+26
1013,4867.407567489946,69291.84429452187,1.4725160179605593e+26
1014,4314.209237513871,96528.8194031387,-6.833906195579349e+25
1015,7089.009464603358,116342.15882951123,3.0140741965731634e+25
1016,1992.5944860135842,131477.1872823958,-1.2576909566364221e+25
1017,2525.2266428133676,107430.03349556273,4.936906406525688e+24
1018,64.06214162773578,81971.39985057447,-1.8089778437661955e+24
1019,2287.3738346217624,69601.58162464315,6.116035485990988e+23
1020,4869.894914399366,54032.269550264304,-1.8701494471446582e+23
1021,8847.840358832787,41361.41800331562,4.9594835600641335e+22
1022,11191.345303756998,26062.041459339634,-1.0151233298916799e+22
1023,11804.44645528153,14554.688868615525,8.140020543572129e+20
1024,5733.338842489717,0.0,4.071275123869659e+20
1025,5527.663677999299,377.0389605005801,-2.6270948342816008e+20
1026,2265.7456775071955,6301.0546822928445,5.578366183103152e+19
1027,4574.357355074933,7616.726327333159,1.1064379117088178e+18
1028,9638.253653627138,13517.772327851466,7.431195921994888e+19
1029,10528.59517142788,17792.628157357973,3.728136698098602e+20
1030,9950.616029031436,30051.30620955941,1.9105001382492365e+21
1031,10328.431850803188,38769.828046330076,9.65826345505759e+21
1032,23789.7582762699,56178.734189600626,4.836074513662377e+22
1033,41195.1346000893,86573.4858594197,2.400006484630914e+23
1034,41233.22896006602,94272.54102967096,1.1808114624311172e+24
1035,33426.709079484426,97450.16661680493,5.760616200990172e+24
1036,23048.83553762568,114855.46225863123,2.786997053273211e+25
1037,16987.379145420575,127414.71387787921,1.3373321217848136e+26
1038,7918.3878551595635,126931.13693568962,6.365501380320585e+26
1039,5967.054194070252,104657.51968294423,0.0
1040,10147.89106582397,67541.82143715356,0.0
1041,11936.215711121074,13088.862814010354,1.173874405627674e+29
1042,10129.527700173167,-61306.7922667351,-8.315418285850282e+28
1043,6707.774062655605,-128155.65557584398,5.731966509568681e+28
1044,5657.59888623281,-193122.96835386683,-3.8408218176975085e+28
1045,962.3136728589418,-237088.662829009,2.4989289900085067e+28
1046,-3499.208824910168,-267770.3769710451,-1.5767425883279961e+28
1047,6326.187459711131,-267570.6167611535,9.635330258921685e+27
1048,16710.007604478396,-248347.22366589945,-5.694296749125759e+27
1049,10761.217280577777,-196529.79018765574,3.249289644412658e+27
1050,4053.7579079362663,-147159.69123788353,-1.787089817145369e+27
1051,3088.226906961084,-96025.86065565464,9.455021301316292e+26
1052,3861.780565544099,-41196.53870067893,-4.8015419144334886e+26
1053,7916.79303399125,15269.297148977726,2.3346117258065653e+26
1054,6467.805949020219,68273.65879777094,-1.0837019131359229e+26
1055,6215.449775168927,97094.2371994589,4.786111758195097e+25
1056,6874.569875947811,115863.57659160593,-2.0026875096791304e+25
1057,2535.635568116214,117908.30719721141,7.896377380269683e+24
1058,6211.526576293198,89931.86458408526,-2.9108371200067854e+24
1059,5311.925212673777,81745.16387947343,9.901824707006428e+23
1060,12461.240848852203,77765.33563456123,-3.027167558620915e+23
1061,12373.391114390819,64499.775824548895,7.759065595248957e+22
1062,15060.805659631345,47732.479075857875,-1.243869914713151e+22
1063,7584.091469383951,35878.329011667185,-2.441299588608437e+21
1064,2039.5684763250292,15840.737562898608,3.614364126501206e+21
1065,-732.6609977407303,0.0,-1.6878640798514484e+21
1066,-397.21646105126575,377.0389605005801,7.237770370145425e+20
1067,6563.662946396887,4674.509435529774,-1.0358135334388844e+20
1068,7635.776884491149,9249.20525223361,1.3843959057716583e+20
1069,4086.965792531295,16848.475586151744,5.874308722067335e+20
1070,4141.570917268254,18894.54697768231,3.0573224591132165e+21
1071,12154.530565611756,35081.875006341026,1.544798525239874e+22
1072,30230.172475289488,43375.287972953935,7.720369092607809e+22
1073,34389.586077007494,46260.361249591544,3.822516569607566e+23
1074,23098.127690857807,76088.29728894099,1.8762392051472754e+24
1075,20416.43179507266,100062.99681774854,9.131961058668406e+24
1076,19857.790344294986,104193.72228940282,4.408035116416517e+25
1077,15661.71865542684,115943.39958669452,2.1105194913144636e+26
1078,11850.212166810235,126890.86670497971,1.0024274258183882e+27
1079,12490.449086433186,121387.91558822864,0.0
1080,1175.5781831333284,107404.68396993888,0.0
1081,-426.7505759272751,68034.9001101767,1.8428423324710722e+29
1082,3586.328165185365,12675.292606181378,-1.300457810672211e+29
1083,4816.013520584671,-57220.69365934563,8.930760270284007e+28
1084,6227.886679585113,-131810.228791388,-5.9623255033286206e+28
1085,12548.729890827995,-192483.14131548195,3.8654036795580446e+28
1086,5062.408959485464,-244190.46799979403,-2.430548139550049e+28
1087,-6785.546946466536,-267876.85686280293,1.480397220612194e+28
1088,-97.22655997893577,-270096.20696726406,-8.72170242990499e+27
1089,10263.562642738189,-240964.64050656653,4.962489208061732e+27
1090,6491.011162536046,-190840.48745156193,-2.7222731737778775e+27
1091,2473.396868801161,-144310.84962883155,1.437061943888144e+27
1092,1895.1481614172362,-96303.67494764377,-7.28468011458343e+26
1093,2552.802978286457,-48064.70463097838,3.5374642878641105e+26
1094,7219.555847723768,14179.034484144056,-1.6410036390000344e+26
1095,3723.9515964016928,71725.90951297274,7.247870888780646e+25
1096,4286.72852853544,96920.02477198803,-3.034911981435107e+25
1097,2942.9841432961553,107486.76175906348,1.1976201867307852e+25
1098,4481.021476758285,99978.21987597612,-4.410499065806385e+24
1099,8253.219216076153,85992.61857057388,1.4866376780132573e+24
1100,11715.72551953254,93088.0744028336,-4.3657464399164297e+23
1101,12025.408593856555,80620.12238229926,9.31839386032675e+22
1102,10067.680828145292,65049.53205471492,3.4380877429457263e+21
1103,2764.279034974024,52117.16626783051,-2.169242531938435e+22
1104,2560.6156237775176,39624.784529662385,1.8391838509514325e+22
1105,3987.33646911645,14975.058065982263,-1.1302029323612736e+22
1106,10579.400894092782,0.0,4.3980973213355087e+21
1107,13576.336993380051,377.0389605005801,-1.7646897169304786e+21
1108,5129.828958165567,6039.177817045724,4.1399192052950886e+20
1109,-1991.2238970916792,5341.043746473333,8.097597192708286e+20
1110,-1514.223226390792,15697.068665472778,4.643432802124102e+21
1111,4172.573123650155,17378.660347762943,2.354620889840172e+22
1112,7117.009778699816,28650.1428982474,1.1765175505643857e+23
1113,-3131.6259278843645,50931.40715766985,5.814472525428843e+23
1114,1519.5719701870632,58363.79675576258,2.847786936077331e+24
1115,16589.057830570106,69520.06852641978,1.3830197457875647e+25
1116,21789.64077214252,89546.39231279562,6.661501914791455e+25
1117,22211.135440276004,107671.43196074448,3.182760637514796e+26
1118,28513.829809043862,120199.857587314,1.5086248943161992e+27
1119,25151.922846362853,126341.52890598091,0.0
1120,-4224.318088362391,121206.20670440953,0.0
1121,-4198.409308697495,102881.60940389104,2.765255968088065e+29
1122,-7438.88699557647,71584.65146230356,-1.944283281202719e+29
1123,-2964.0052651749043,12110.242211461295,1.3304248634875268e+29
1124,-9874.62943048779,-55705.137359175125,-8.85084429914079e+28
1125,-5788.122103847526,-133330.8550326792,5.718294224001233e+28
1126,9066.59056224808,-196082.0061891947,-3.5836245497941233e+28
1127,5936.293745491382,-247666.70323729556,2.1756919307750006e+28
1128,-3961.468848531159,-268101.7331559424,-1.2778733624830804e+28
1129,-549.9429442119499,-268108.3543476083,7.249947936221656e+27
1130,6068.564593819571,-233730.19066507486,-3.96656591849959e+27
1131,2380.789390459291,-190693.84671563277,2.088935967769571e+27
1132,978.2032117516369,-145911.95819363394,-1.0567368802510121e+27
1133,3170.902776424361,-103002.25218309739,5.122852390178652e+26
1134,4395.533524037495,-51027.965590357904,-2.373262515117251e+26
1135,6472.476292087541,22542.961240636883,1.047006011902631e+26
1136,1939.5564691791983,79002.58884790319,-4.377477905803746e+25
1137,4054.960125543988,96598.1403194588,1.72108750318875e+25
1138,2586.866651046062,101961.4652323814,-6.267851063336337e+24
1139,7686.240576563369,97331.00688832381,2.0376492234389746e+24
1140,5383.862685558866,96184.89623748416,-5.230676699315102e+23
1141,5304.200796810308,88137.99604149221,3.700775963954601e+22
1142,551.7093327747795,65317.84033408675,8.763232786356478e+22
1143,742.1714798663178,59759.09328061747,-9.694610372594154e+22
1144,3902.158984879178,52335.46635992029,7.53893270462767e+22
1145,6895.465677861152,32911.223168208744,-4.964694446454628e+22
1146,10308.8043997446,18027.83762284661,2.8075384809241497e+22
1147,4421.001815086882,0.0,-1.0470835214066442e+22
1148,-4417.775015219216,377.0389605005801,4.1300026890817304e+21
1149,-4180.5025138753435,6279.773643869616,4.803597701495874e+20
1150,-434.4686507868855,8402.692006827936,6.628447388513413e+21
1151,-1395.7081897311984,11148.996983571,3.3971279227205544e+22
1152,-8335.157182928806,24156.56799801747,1.7075810028163503e+23
1153,-9662.062287889075,24575.364218149265,8.435502592481486e+23
1154,3426.4592240802967,35777.44959012686,4.1243385002854653e+24
1155,2962.210277645512,61129.25225329741,1.9989606264661596e+25
1156,9018.76728169981,79689.98651021894,9.608830232403901e+25
1157,20650.70199844485,86374.63325719039,4.581871558204849e+26
1158,26568.75326903045,101262.45321668094,2.1676241924105095e+27
1159,24804.887464462932,122628.47521149168,0.0
1160,3411.8431780538663,128270.96080200182,0.0
1161,5385.851291720994,119770.79921499176,3.962199002403212e+29
1162,2698.964129037617,101719.81851692416,-2.776259080802397e+29
1163,1924.6879625887361,69500.99687171566,1.8932553684182578e+29
1164,9256.328722480775,16511.928502929863,-1.2552948759177217e+29
1165,-3701.41414541003,-57939.45876654818,8.083499373958423e+28
1166,-7474.000647687617,-131989.03134932707,-5.0496795529320496e+28
1167,3343.319309197706,-201177.95005013587,3.056270727554879e+28
1168,5089.864150027334,-245401.18214163222,-1.7897384887270066e+28
1169,1399.7606794596861,-267935.7062134752,1.01253279078901e+28
1170,1455.3515139744386,-263383.5779056904,-5.525074059587447e+27
1171,3071.046940168868,-234010.7413016412,2.902586058473158e+27
1172,1362.3757668363446,-193918.62875354738,-1.4650581743438752e+27
1173,3942.564186944375,-148948.58932937172,7.087662973615233e+26
1174,7325.724198947952,-106128.55068278,-3.276740440467337e+26
1175,8908.914511294022,-45006.0227477865,1.4418667460125851e+26
1176,8213.62229113595,31355.75732879118,-6.000781876084895e+25
1177,6356.830800625484,78727.86855904976,2.3338753087333454e+25
1178,7015.620302092406,92932.89574574858,-8.247051264737913e+24
1179,5757.913206939482,103100.61479529476,2.429543863045236e+24
1180,2820.4392680900555,104345.81530678882,-3.706192415361009e+23
1181,1248.7399383279092,97078.79149831805,-2.5901925620974935e+23
1182,645.3089444843686,75142.59859649367,3.833129357870356e+23
1183,2689.623561186746,65837.65658407476,-3.4597779535645285e+23
1184,-210.4944832442282,53680.435317771786,2.6722380194833146e+23
1185,-1731.1900058427514,41586.941786832016,-1.871130605505279e+23
1186,-3562.3282018823265,26578.13250544699,1.1812234695968109e+23
1187,-7450.508205484286,19784.48298605736,-6.507479276584626e+22
1188,-4824.389466391921,0.0,2.3790470607968905e+22
1189,4330.658936351508,377.0389605005801,-8.845362435858861e+21
1190,10217.100082106232,-409.7384728442644,8.868932228362974e+21
1191,9033.277757489443,11098.3981199768,4.520624045029174e+22
1192,7475.976668941993,12188.396517665613,2.346474816419912e+23
1193,9248.887764883762,16867.684465214534,1.1644143011126528e+24
1194,-1705.4112696783575,37653.60965485864,5.690510218747883e+24
1195,-5754.449218301965,40082.17846879148,2.7535742122276e+25
1196,5339.086831395637,50288.848605563006,1.3211933460458527e+26
1197,16729.558273128958,77372.66686471626,6.28841057252865e+26
1198,25606.94733127586,90369.97859628875,2.969627515318397e+27
1199,41680.62106825776,100261.19185720249,0.0
1200,7151.668694740717,121066.07195104971,0.0
1201,2806.1347186777757,130203.94662278195,5.4142467148766106e+29
1202,9615.47030158329,117125.67940459665,-3.7814306083788674e+29
1203,3348.516349419942,98489.7739189017,2.570488151799858e+29
1204,-511.65294750879207,68058.86003384636,-1.698957025500471e+29
1205,11420.97527243896,17301.135674463432,1.090664053491511e+29
1206,4563.8472648062025,-55976.70881693495,-6.79267148676544e+28
1207,-3215.5607164113608,-132557.80256252902,4.099117479331387e+28
1208,668.321802005529,-199828.3294093256,-2.3936097125504992e+28
1209,2636.857756509745,-242454.16284255244,1.3504808960680852e+28
1210,2069.8544997277945,-266317.1913974623,-7.350020010156964e+27
1211,-387.75556439726773,-262900.0987301434,3.851773775622541e+27
1212,-1634.7892276381344,-236052.0979730325,-1.939503626481145e+27
1213,-529.4127798975529,-191055.29305270844,9.359804439269541e+26
1214,5561.0840332939915,-147240.817287515,-4.31431188640251e+26
1215,8900.094814047696,-104216.86716675165,1.8895687065290818e+26
1216,10880.787872525363,-41267.73403721028,-7.788629470509942e+25
1217,8794.831572308292,28490.01912453092,2.9569940752158116e+25
1218,7943.214766091837,69625.23303162071,-9.72792837613333e+24
1219,3260.1884684287465,86951.6188354804,2.1288712014033698e+24
1220,2253.7304386785922,104152.023648257,4.9611161766354344e+23
1221,3151.7686031884155,105747.81644155068,-1.2182969328283681e+24
1222,5183.841880357736,95588.21800848734,1.2605478295884793e+24
1223,862.8917638023196,86407.4958074128,-1.0829947915343935e+24
1224,-3354.128034617348,69793.92833940973,8.515770138410054e+23
1225,-820.0009727622798,42748.78679326255,-6.256262713197412e+23
1226,62.17412167814645,30605.48928761286,4.2770518072047924e+23
1227,895.7715447764854,16114.557039182742,-2.6542817727769208e+23
1228,2302.184186872013,18499.26847446944,1.4427791219650112e+23
1229,8846.33007795007,0.0,-5.108938091279783e+22
1230,11084.065203430338,377.0389605005801,2.098829146399521e+22
1231,10244.342524069523,8455.936787889583,4.865918712072982e+22
1232,12568.38695377519,4392.443843865763,2.99276281056552e+23
1233,12275.499299492712,18280.96877479896,1.5201840978913592e+24
1234,7765.512063861806,20898.246660183737,7.460316424885197e+24
1235,9932.196266703506,25488.82189928753,3.608083925327272e+25
1236,5240.056487286007,46571.9514304875,1.728609486827791e+26
1237,16245.122496432856,58242.1495143682,8.213935602961301e+26
1238,36659.58940096846,74037.25153756829,3.8725354249510345e+27
1239,46003.04914289885,86913.84727868038,0.0
1240,-5329.498266096296,101291.04688220227,0.0
1241,15.384390792339588,124390.25125743586,7.043790263711075e+29
1242,-7299.809739633465,131478.05468554999,-4.9048300577149786e+29
1243,3504.114136794381,116050.0399278581,3.3242695883298336e+29
1244,2126.2446870631024,92435.95575835186,-2.1907484399354614e+29
1245,-1427.4732911077826,64628.38066780242,1.4023328366882532e+29
1246,4810.540778364269,15240.847845880715,-8.7091436465075e+28
1247,4999.971631515747,-54024.58896198484,5.241181537549448e+28
1248,741.5008930355895,-131688.89490673936,-3.052316768274407e+28
1249,-652.8981168629665,-195232.2686550004,1.7176627722664844e+28
1250,1274.881692864719,-241428.05574186114,-9.32488926240687e+27
1251,1443.561293042677,-267261.0977919238,4.874567656303304e+27
1252,-2640.934957413636,-264822.1342177459,-2.4481895356570144e+27
1253,-3463.18544071072,-231655.12133289105,1.1779018105489576e+27
1254,108.2432449820357,-186708.16900915466,-5.405757633228554e+26
1255,6435.663275938759,-149764.0377105851,2.348425376213322e+26
1256,8927.268198561418,-105255.91056685208,-9.500761073600181e+25
1257,8793.840852417961,-42343.208321225065,3.4275372008107246e+25
1258,4273.40309267437,27099.697733789857,-9.414295276305519e+24
1259,163.53635587900422,63329.4642026991,-4.800580394561013e+21
1260,236.57176659058553,84714.6176520264,3.1206195407363826e+24
1261,2609.7995550626515,104786.8997741678,-3.7973466262340595e+24
1262,813.3315394363407,103469.19694422324,3.5816511082514834e+24
1263,-2086.318427061838,95974.59783548114,-3.065623281951986e+24
1264,4839.183571378363,90658.30969285974,2.4733389889833906e+24
1265,8481.469217507867,67875.58495298587,-1.8948623586766546e+24
1266,5956.183214992283,48569.898460545686,1.372100258650116e+24
1267,1416.4349200521738,18412.772438981883,-9.268879924559096e+23
1268,1002.6289650608993,-3694.934323100742,5.6924745055368034e+23
1269,8562.262672145614,-4450.830471421459,-3.0273547390733225e+23
1270,4845.431327402244,0.0,1.0935675806283683e+23
1271,703.7718147727658,377.0389605005801,-2.843077609920218e+22
1272,1646.1992637479714,2771.6769778548332,3.2534756852042216e+23
1273,5064.435986433301,11570.650167127875,1.8385543813359637e+24
1274,11905.234229857615,7413.499952247312,9.237491601058233e+24
1275,17258.956298574238,21825.58495866405,4.483441250182716e+25
1276,19580.022514011212,29342.389142501856,2.1467961744236065e+26
1277,15549.233591809756,40229.89972523391,1.0187179927516053e+27
1278,11327.926655876443,58267.07263619092,4.7957422295286863e+27
1279,12301.108369316074,77121.81120495831,0.0
1280,4132.761033071149,89075.85184911429,0.0
1281,866.8780369371027,99671.28309176228,8.704396283850089e+29
1282,5443.482773934171,124036.43728348431,-6.0446295932683006e+29
1283,-2643.170645403102,135492.82121744327,4.085701304861361e+29
1284,-1966.5598380569234,116905.27571692344,-2.685352885234422e+29
1285,-919.5143845439261,88912.14012047571,1.7144119554618536e+29
1286,-3811.308306984791,58427.64144925736,-1.0619755590676609e+29
1287,59.396476731850484,12777.771366257206,6.37478607748798e+28
1288,7215.684662847278,-53800.13917570318,-3.7032815618215824e+28
1289,3617.2477487781553,-127172.58256756072,2.078909890968153e+28
1290,-984.2325356348176,-191124.44654538974,-1.1258671807212133e+28
1291,1262.7232356967004,-241537.23421699135,5.870666765699819e+27
1292,2208.1479347083005,-269549.4828669809,-2.9400442225168625e+27
1293,-95.87013023099156,-263054.82592533506,1.4090848993976063e+27
1294,851.3782563617368,-228900.3956839958,-6.424188263101234e+26
1295,4899.668491033276,-193781.45396914313,2.7520240148561333e+26
1296,8739.268577932582,-153443.67673350454,-1.0744623524184011e+26
1297,8680.92872760416,-102645.20786463263,3.4679025815315466e+25
1298,4536.41364003888,-37707.89302524609,-4.992889011065896e+24
1299,1525.6897055964857,27532.08816114325,-6.092194386922139e+24
1300,1848.561805860594,55955.124189316404,9.514525138561057e+24
1301,1653.024747589127,88407.53196492344,-9.903961303591577e+24
1302,-1114.265966722081,108946.59985378839,9.127059339225582e+24
1303,3293.288604777598,102636.2058893899,-7.916569744616907e+24
1304,5644.298020673302,92372.21294018574,6.570403544989785e+24
1305,-2753.7887648581086,83678.19978931318,-5.228362674962308e+24
1306,-3811.7125504653804,62412.00294496457,3.9726830122448095e+24
1307,-5687.011830806552,47259.856628133,-2.8566465362747e+24
1308,4263.316931405605,21652.153722662202,1.9193969357693078e+24
1309,5519.776226654097,545.2958054348519,-1.1667388999636103e+24
1310,3536.0747619169897,-6195.038988663688,6.316375507795604e+23
1311,-555.345594843747,0.0,-2.005024949003371e+23
1312,3173.0565735317236,377.0389605005801,1.4770863303114232e+23
1313,597.8965530856202,6111.510111637149,1.8703941601530313e+24
1314,2280.6187518372626,6976.148961417162,1.0592531986254653e+25
1315,12776.404996183002,15743.554905619616,5.249292131873771e+25
1316,14451.475394215748,21500.46691520091,2.5210381386840383e+26
1317,13382.893382764883,28202.136236673716,1.1956067132291109e+27
1318,-2295.743613486803,43688.93221371743,5.62158246634706e+27
1319,-8712.929283326097,52494.52200508349,0.0
1320,-74.53463630449605,70435.21656455185,0.0
1321,974.8432535945449,92898.85000609008,1.018399004522947e+30
1322,-406.2648263230986,104424.97683302157,-7.054794129912581e+29
1323,2796.8558353090507,122014.47855187302,4.7569197789333535e+29
1324,2813.6383624489185,134677.3904930177,-3.11900739333426e+29
1325,6775.452217662791,119230.4022334177,1.986549390386328e+29
1326,2742.5421242060715,88108.76173021935,-1.2276734445913872e+29
1327,-3693.334200832561,54409.071737769904,7.352475799844562e+28
1328,-1024.869808255364,8969.544271015702,-4.261544361287975e+28
1329,2347.4968404563474,-53815.675406048744,2.386875733335772e+28
1330,-859.5243022967843,-123070.59775514675,-1.2896316908147e+28
1331,-2621.671654347995,-188189.78022820884,6.707200525113342e+27
1332,18.76987528159132,-241754.65098565648,-3.3479122343228304e+27
1333,1586.407509832195,-269321.2739144623,1.5962709204412725e+27
1334,2234.7176640453285,-260416.21453410105,-7.20405194627863e+26
1335,3936.1129742394724,-233392.07026150363,3.012949397480955e+26
1336,6108.569953677419,-195918.95505069112,-1.098899799631456e+26
1337,6048.978941207879,-144974.93817464338,2.684874055683323e+25
1338,4378.762435341379,-101499.52044354787,6.982495525410124e+24
1339,3702.7032704755,-36190.10856189339,-1.9441731112442805e+25
1340,4499.2210425371395,17595.715577206203,2.294986002939293e+25
1341,2620.6449176552187,54752.12834018322,-2.2768442417514266e+25
1342,2149.7667628596537,90423.15099021322,2.103658824332214e+25
1343,4035.876640405719,112973.27734943086,-1.8621654888666568e+25
1344,-2398.662002673803,98943.38746236003,1.5910201433927834e+25
1345,-807.1724028857038,95032.71295307418,-1.3118072445652836e+25
1346,1087.552175936378,82086.78131793556,1.040045018036581e+25
1347,-3489.625758730808,53052.83962228132,-7.87799621776028e+24
1348,-2189.8261273473586,44644.63574552643,5.651331745254167e+24
1349,-5105.090053086931,22634.517531089372,-3.7689499126664107e+24
1350,1438.2690753256672,16054.702804858724,2.2992174525216585e+24
1351,5955.316409234672,226.0822334318259,-1.1400116413091731e+24
1352,4528.750065527973,0.0,4.9546153300170464e+23
1353,3125.956737181001,377.0389605005801,2.507544205641662e+23
1354,8174.0959392361665,4839.604312843045,1.028307246099983e+25
1355,10805.643427053508,8570.096870225938,5.677892246254583e+25
1356,24581.762053909126,12399.567793802104,2.7787736224559493e+26
1357,23339.372151193624,21275.21560622102,1.3209736164081738e+27
1358,10234.507279043652,24725.74861353375,6.207188778501497e+27
1359,-9686.363063171679,45162.000344688386,0.0
1360,1384.0694633874668,60489.38011471224,0.0
1361,2169.018809608337,68589.95124526117,1.1226794860875334e+30
1362,1596.5535453745167,89545.89900889357,-7.760435577661799e+29
1363,1417.1706938588773,107450.17004239789,5.2215444277503085e+29
1364,4172.763986205354,123858.90083365036,-3.416408976819255e+29
1365,-5446.550182768146,131988.74579905992,2.171416837791312e+29
1366,-633.1383279512779,117567.12320198894,-1.339144620267071e+29
1367,7338.258997571127,87351.9865535183,8.003638260210968e+28
1368,3857.3683426899593,52784.98411066615,-4.6294672315387e+28
1369,-1341.0447403251621,6808.566709972799,2.5875220542475314e+28
1370,-3301.8011822199473,-53735.24793367092,-1.3948822860749038e+28
1371,-2993.044988443454,-121505.2349804974,7.234817495654972e+27
1372,-2015.838015764181,-187491.8725866948,-3.5970435536294625e+27
1373,583.8738327456779,-242504.74303306342,1.7029221935861027e+27
1374,2628.1402101921317,-267443.75872852793,-7.566752345657885e+26
1375,4250.358331208115,-259991.29986439744,3.0389131817685403e+26
1376,4001.984361097838,-234969.77202398848,-9.68000917254631e+25
1377,2911.9334168383352,-189564.8145892503,6.622311650248838e+24
1378,1907.3450507930108,-146747.1567492288,3.031826471820104e+25
1379,3039.480939382717,-103455.45326014156,-4.391398297409971e+25
1380,2994.3004062624163,-31612.975971911794,4.747118429332183e+25
1381,407.0672827581902,16657.858319460116,-4.662129691633534e+25
1382,894.2638930487807,57565.041409821366,4.366818854474038e+25
1383,2335.3934056063704,83881.2179015775,-3.957726015954611e+25
1384,3658.3765117455164,108276.41465882798,3.4823179394798015e+25
1385,5901.992792535312,100557.02663307975,-2.97187203758713e+25
1386,-4130.052427074559,96347.71273960064,2.4529008177648273e+25
1387,-3123.9631812935722,77410.4208772733,-1.948902335991126e+25
1388,-4755.511788891103,50333.94243678918,1.4822337869939718e+25
1389,1777.9759184764769,30654.66083440176,-1.066744842602581e+25
1390,2831.692399505164,23239.533909923382,7.237607400765026e+24
1391,7363.349620872368,29259.220514698318,-4.350037341339218e+24
1392,-3556.0927553379815,20418.57870227906,2.699133725823075e+24
1393,17641.963753884247,0.0,-3.789421793710752e+23
1394,30118.66055743855,377.0389605005801,2.46338531880274e+24
1395,12796.286844869577,3993.034366224013,5.188866925547175e+25
1396,7559.7700070610135,8993.456071869932,2.8170851213657707e+26
1397,-5135.381287419876,12588.676280582491,1.3611338580725106e+27
1398,-9875.76441147207,19080.132417870274,6.406632666926184e+27
1399,-3148.786886215864,31421.09225253798,0.0
1400,1628.8792894161982,42849.47569661139,0.0
1401,-10.860830816812113,52410.367942135694,1.1574381069151386e+30
1402,1429.4317725759804,71996.87351894657,-7.985945604342138e+29
1403,167.59429115636323,94803.42446476906,5.363438893880535e+29
1404,-4561.731906115086,109439.83398431742,-3.5028782174919255e+29
1405,2007.2761043266614,123434.36405421303,2.2223693931162917e+29
1406,-342.7230339600434,131057.0827099617,-1.3681203979407679e+29
1407,542.595438043568,114967.26998668202,8.16224136338347e+28
1408,2537.0382084564576,85361.25415924318,-4.712666447118177e+28
1409,1043.7078158687705,51183.022953202366,2.628995004347694e+28
1410,-107.70896470894131,7144.989343486004,-1.4141339049132298e+28
1411,-1449.7361624375,-52670.18750220456,7.313254817515325e+27
1412,-1235.8006106255973,-120510.4668766552,-3.61869469491457e+27
1413,-45.58586349284632,-188618.15007053412,1.6967646376292576e+27
1414,2712.466898924495,-242380.47850018396,-7.367130325633675e+26
1415,4591.458840886338,-264925.85088818806,2.7664168801950627e+26
1416,4835.397406805436,-260402.66046813337,-6.526698826876082e+25
1417,2768.466644917853,-236479.04290285293,-2.7714105758383393e+25
1418,1925.567332887075,-191123.12609830036,6.65669130692125e+25
1419,3164.996845108998,-148726.46800126872,-8.136620149525361e+25
1420,3167.0154479066955,-93443.0843077867,8.544379951515593e+25
1421,2270.651402883898,-32665.913958317917,-8.441209398359234e+25
1422,4179.649809066831,18115.919733312032,8.056028993880039e+25
1423,3887.2816013944866,51016.42268362215,-7.4864155537075454e+25
1424,83.94162319048885,82948.68281973428,6.784207521660422e+25
1425,-3087.122828747629,104130.29588043572,-5.988482236849691e+25
1426,-2326.6419965921664,110691.88731927304,5.136900852900367e+25
1427,-3139.3950743210307,80273.55107964519,-4.266340076182304e+25
1428,-7382.176413078966,62326.87931243107,3.4153107751066015e+25
1429,-5111.119712895383,67078.92132576554,-2.6114875404874246e+25
1430,5156.354246726678,34010.34619884619,1.8972428504974138e+25
1431,1678.2702289554607,37107.19223180639,-1.2514082023187317e+25
1432,12700.848491385745,33394.11803365274,7.947434568449073e+24
1433,8362.355867026856,13487.402154251884,-2.2818462617191132e+24
1434,7356.2568569644045,0.0,3.4160691906338993e+24
1435,14756.694371840982,377.0389605005801,1.0283714763560122e+25
1436,2565.490531141183,5756.255147894522,2.4067403251650067e+26
1437,-11955.249391765725,7514.372928204048,1.2786912039822896e+27
1438,-765.5701439765985,14092.595670463157,6.098179790925399e+27
1439,1139.1992396536261,20909.451843613188,0.0
1440,-1132.7851039508116,27972.55006352791,0.0
1441,50.9382430650883,44658.72431585831,1.1019770174493037e+30
1442,-2187.4941548481665,51767.66144223479,-7.591690591688806e+29
1443,-10.111195736547668,69757.91031632246,5.090931494383526e+29
1444,1352.92855207961,96100.9859971962,-3.319903369897235e+29
1445,1464.866455139328,110610.95000541583,2.1031362596735624e+29
1446,7647.61840077388,124964.68804060761,-1.292790347146183e+29
1447,2446.0461061299698,130912.97991200746,7.7012402507224305e+28
1448,-4144.397187257732,113839.03964909822,-4.43958518733697e+28
1449,-6799.672446540571,82589.84279437723,2.4724264848608966e+28
1450,-4036.6819185964355,49327.285497174584,-1.3271188827016367e+28
1451,149.26275277584358,6867.665557157759,6.841981008062048e+27
1452,372.24958846619694,-50615.35466157289,-3.366435945903008e+27
1453,178.62152782978777,-119706.65518352944,1.5589958609610627e+27
1454,984.6752926119711,-189787.11416732502,-6.553101371182771e+26
1455,2335.172944642241,-242416.511548895,2.207609387480545e+26
1456,2800.519583106614,-264098.2203462268,-1.937099261135612e+25
1457,1716.1643781762189,-262315.10698164103,-7.0962983673867345e+25
1458,1162.1289008263166,-236071.50908176985,1.1030211805106366e+26
1459,1938.0914820294172,-187152.3359025825,-1.266443452485885e+26
1460,2471.536028082758,-145554.8693804397,1.3231857519084188e+26
1461,2548.367654436282,-94577.58257457492,-1.3245180921468907e+26
1462,2682.295576858156,-31582.935800533527,1.2909168567070046e+26
1463,1378.6793167518945,22216.708302734325,-1.2309197117912725e+26
1464,3374.607788551989,48848.320790529586,1.1491798057837996e+26
1465,3987.215475378134,72909.26236328347,-1.0495760776142778e+26
1466,-5920.465892990655,107021.73414832453,9.363177347064288e+25
1467,-8806.549881017796,101330.4966884911,-8.139414061164887e+25
1468,-9328.475836045092,80129.86592623957,6.877222630689318e+25
1469,-7022.496320611577,66507.70935352669,-5.619469073106714e+25
1470,-2874.9365469038803,56341.83390919242,4.438751076582441e+25
1471,9847.25890043922,51139.32643366529,-3.319292206993972e+25
1472,11307.56323426197,49511.904357386535,2.4791478808273286e+25
1473,15180.404410836309,23369.377865301398,-1.47548386543532e+25
1474,5036.558546546589,11238.6074078506,1.6809017705449413e+25
1475,8626.560908511785,0.0,5.437322147464957e+24
1476,-7374.399507178249,377.0389605005801,4.968596970592707e+25
1477,6845.206485045579,3121.0537704658527,1.0024322125238e+27
1478,-4442.022934283308,10598.480014903724,5.202318004849314e+27
1479,3985.1578468458624,9811.89708661605,0.0
1480,2559.647675207492,22459.936216725837,0.0
1481,2692.3588829883197,27044.115028414188,9.462370893667074e+29
1482,4541.1533605965415,38520.570464414406,-6.510980350001045e+29
1483,2545.5273757556124,56813.529489093366,4.361025769768102e+29
1484,5337.9061466089415,76616.66744852446,-2.8405560936338443e+29
1485,4891.698739496297,98912.28849480432,1.797354974278998e+29
1486,-2536.829604724931,107909.54398527303,-1.1035239293370282e+29
1487,-874.1965711213226,120650.53327529742,6.565859461782037e+28
1488,-857.3322406603437,130627.39374149824,-3.7802407768718516e+28
1489,-421.8613987399184,114039.90854826015,2.102153904771396e+28
1490,-1553.8062875177745,81864.0867972374,-1.1261823118525887e+28
1491,-2286.3648739188075,47977.405214235936,5.787908254136513e+27
1492,-788.4954953533494,6411.4630137053755,-2.8302200800734407e+27
1493,1166.7430799946396,-49599.52022318609,1.2916636252470801e+27
1494,2205.619982627282,-119131.60439170136,-5.209612094010548e+26
1495,2413.027002653022,-190555.4979765398,1.4836167773897722e+26
1496,1679.5385137544024,-242937.70996621996,2.6569878675028133e+25
1497,1567.5186143962726,-264237.68510678964,-1.0735370676942998e+26
1498,1524.6592129506653,-262336.0613929974,1.447816699026912e+26
1499,1341.9966444484776,-234826.2044466424,-1.6243103194801726e+26
1500,822.9752223183951,-189309.3664022407,1.7059712861009072e+26
1501,782.0893582381804,-146165.04800818933,-1.7348177267542325e+26
1502,3194.70708565658,-84414.02625180242,1.7269169738734914e+26
1503,4960.723378495489,-28794.009842035633,-1.688392405060703e+26
1504,1946.0220112896754,22855.108892782988,1.6222737088536447e+26
1505,-6542.649732347459,46463.97412172597,-1.5311362524581787e+26
1506,-4321.203641509493,68312.2169088117,1.4180454829408251e+26
1507,-1697.1749864427925,99691.22126187175,-1.2864586223697781e+26
1508,-6439.859270633204,95410.93268432743,1.1406609867842245e+26
1509,-1151.5843366131357,74824.1233980069,-9.837178598522142e+25
1510,-1763.9687028451394,75056.87020966403,8.220398801461164e+25
1511,12486.292250722623,58758.52201004047,-6.512036829981456e+25
1512,23544.865387339607,61396.558345568454,4.9450753790786155e+25
1513,15890.291965041115,38452.07502476256,-2.9331764618241006e+25
1514,9891.38620023465,32902.132029061315,2.140082080932497e+25
1515,-5714.933779644516,3536.675068381435,2.154212652853016e+25
1516,618.9205583301182,0.0,3.182370444130243e+25
1517,4280.207871819161,377.0389605005801,1.893432087649894e+26
1518,14408.3686878455,5062.9491062147,3.6526409686916286e+27
1519,-2994.699163734242,5082.9771347672795,0.0
1520,3299.697034412121,14118.228029145675,0.0
1521,4333.960858543285,19147.212257434065,6.948202286955509e+29
1522,3385.133722961361,27611.142488594654,-4.776892726479617e+29
1523,4968.952334015934,46084.47527939353,3.196806300520177e+29
1524,539.2376302752672,55227.41048115033,-2.080469164332239e+29
1525,-387.39796028382665,76406.61743742513,1.3152928733186451e+29
1526,15.61989234650395,98407.09958361452,-8.068597657638018e+28
1527,-4882.126029717651,109084.76525271585,4.796494580721294e+28
1528,-4405.2774284714515,121561.3062920587,-2.758896972048823e+28
1529,-4568.3050438706505,129102.86201481392,1.5324336292164732e+28
1530,-321.10882747129574,112020.90255453016,-8.196376551333675e+27
1531,1751.93515563312,80780.35326293975,4.200639290797031e+27
1532,122.63657048787515,47830.083466075885,-2.0419606533248905e+27
1533,-826.8295149799053,7136.654774304225,9.182984877781835e+26
1534,796.711205184107,-49454.70118609097,-3.5406231459143115e+26
1535,1727.7829029544528,-119109.14059697157,7.954326326460657e+25
1536,1084.3337049276179,-190325.30957951464,5.1293306263270255e+25
1537,598.0157520671235,-242475.43021396996,-1.137692339377788e+26
1538,894.4130668284656,-264222.7271984176,1.4477145698706621e+26
1539,1314.1424839685133,-264752.3224928664,-1.6136755315360455e+26
1540,778.4658192718169,-236587.09963121646,1.7096165622083357e+26
1541,1448.7099508379993,-186091.72156542804,-1.7653122873582817e+26
1542,3094.958969554807,-137719.49976269534,1.7917603625022873e+26
1543,1510.3701633733858,-86907.23984428508,-1.7928630158879795e+26
1544,-127.77389345047722,-30612.23685798213,1.770453120963578e+26
1545,299.72458713026367,25477.500274432765,-1.726256710716365e+26
1546,-4529.509215550049,43503.14883963585,1.6626317111002446e+26
1547,-6850.137788459572,71428.43381354872,-1.582524391436847e+26
1548,8347.005356160986,77844.66638449678,1.4898823613877744e+26
1549,-11367.87136474159,87967.60387509901,-1.3880912865558538e+26
1550,-6278.332980175843,83463.85046755939,1.2837163635651392e+26
1551,3668.30790870602,82065.22147049799,-1.175354922494649e+26
1552,8660.862830782724,70823.12280082164,1.0843201346453908e+26
1553,5887.20841634824,57131.75611598253,-9.684707722828785e+25
1554,2211.0935009460363,32547.428742516837,9.633116895692482e+25
1555,3697.86072605207,25642.267712372588,-7.0806875311338365e+25
1556,6047.883140100903,20039.63506121975,1.2319415107648214e+26
1557,-7741.334778501416,0.0,3.2386054864770967e+25
1558,365.7731649541594,377.0389605005801,4.0803599901711565e+26
1559,-2482.612668736828,-464.8395414448787,0.0
1560,-2641.6613005662416,9926.322661821852,0.0
1561,6455.8135689363435,11940.545829437158,3.681423476286371e+29
1562,3625.65246321184,23688.413644775705,-2.529669906720491e+29
1563,832.9463910313998,28727.10719685752,1.6920406159944878e+29
1564,1006.1518806108751,45596.76656810385,-1.1006078635547113e+29
1565,-1148.964765116916,60183.088302006654,6.95457255143814e+28
1566,-3194.869486200982,76087.43454462501,-4.264025834570289e+28
1567,-1118.4425264264326,98523.96773766616,2.5334375712965212e+28
1568,-874.3755137544638,104802.83603006868,-1.4563354531039703e+28
1569,72.71398132800402,119323.82431011875,8.083235268050483e+27
1570,-1164.1532632851354,130735.21032026644,-4.318661554898936e+27
1571,-775.6252957814702,113013.88090643367,2.2089090593707286e+27
1572,161.04214811666142,79219.66497878471,-1.0690955493433422e+27
1573,687.1754990517964,46844.11533208846,4.753956545476487e+26
1574,448.9596096927384,7763.77294226694,-1.766599693480409e+26
1575,576.8881739030074,-49042.98559856447,3.055504513159235e+25
1576,917.2499191288938,-119421.56839725733,3.993273919091374e+25
1577,90.48617000172878,-190766.15870339642,-7.449331300401258e+25
1578,327.2855413914231,-241939.74316603877,9.254135277801558e+25
1579,924.2256989060994,-264933.15792942734,-1.0304144222639225e+26
1580,13.774051381569471,-266298.39248246234,1.0986506752784946e+26
1581,-111.96139662225437,-234990.5024347292,-1.1455171556805808e+26
1582,1249.433625511339,-184619.45903003227,1.1765262829099235e+26
1583,2083.584240844959,-137849.5772297389,-1.193467762898576e+26
1584,527.7244728978203,-82536.27706530728,1.1970597946881782e+26
1585,-5360.417055342949,-27897.207345360563,-1.1879831983193179e+26
1586,1666.2960049718874,31271.71344578608,1.1672609860216742e+26
1587,5978.181179758764,42105.84649964401,-1.136227659205654e+26
1588,-10716.794408628808,63055.552422242,1.0966859950602089e+26
1589,-4379.4996741576915,71367.18872017036,-1.050147362010583e+26
1590,553.7331585587023,82545.555950543,9.993663167187221e+25
1591,5384.591090218895,86051.37869573697,-9.43630378215809e+25
1592,7537.031515343701,85225.79428304816,8.906186886941276e+25
1593,6863.822935427393,69665.11480243743,-8.247194681660303e+25
1594,3382.3040395261437,55058.82103178345,7.880768265071332e+25
1595,47.1753560372282,46735.55191484626,-6.753435020239052e+25
1596,9096.832277375863,16339.980782022092,7.367156952416251e+25
1597,17428.785717430997,25000.394317903443,-3.929587882441485e+25
1598,5686.960539114607,0.0,8.448267053508418e+25
1599,3504.0919500004075,377.0389605005801,0.0
1600,0.0,11495.217859928009,0.0
1601,0.0,10579.570347805717,0.0
1602,0.0,14924.411307407578,0.0
1603,0.0,23398.334882294992,0.0
1604,0.0,30746.775673616874,0.0
1605,0.0,47707.7482050303,0.0
1606,0.0,58060.729833786005,0.0
1607,0.0,75800.00147279944,0.0
1608,0.0,97580.12572156399,0.0
1609,0.0,106070.27549168222,0.0
1610,0.0,119013.31963897291,0.0
1611,0.0,129736.04572909501,0.0
1612,0.0,112412.46373100643,0.0
1613,0.0,79424.83601517284,0.0
1614,0.0,46731.930242948845,0.0
1615,0.0,7417.543717483391,0.0
1616,0.0,-48224.563573086125,0.0
1617,0.0,-119658.10057051701,0.0
1618,0.0,-191396.21456689967,0.0
1619,0.0,-241085.4172355388,0.0
1620,0.0,-264812.5842932266,0.0
1621,0.0,-267694.11643844965,0.0
1622,0.0,-235877.30113393074,0.0
1623,0.0,-182938.83961132256,0.0
1624,0.0,-132828.30415020077,0.0
1625,0.0,-85133.58212329181,0.0
1626,0.0,-25482.62224938349,0.0
1627,0.0,17843.382397855814,0.0
1628,0.0,56226.47295907593,0.0
1629,0.0,58205.739628718526,0.0
1630,0.0,66049.59513921604,0.0
1631,0.0,80397.16904640372,0.0
1632,0.0,86839.35479327309,0.0
1633,0.0,88938.63286448807,0.0
1634,0.0,72781.73648930095,0.0
1635,0.0,45374.244503284535,0.0
1636,0.0,38287.57053268164,0.0
1637,0.0,28299.90052107171,0.0
1638,0.0,8938.848816378255,0.0
1639,0.0,0.0,0.0
